date,stock_id,stock_name,tiger,broker_id,buy_lots,sell_lots,churn,limitup_close,t1_date,t1_open_pct,t1_high_pct,t1_close_pct,t1_again_limitup,co_tigers,t1_sell_lots,t1_buy_lots,dump,rebuy,t1_seller_rank,gap,again
2025-06-30,3128,昇銳,國票敦北,779c,1006,657,0.653,45.1,2025-07-01,0.0499,0.0676,-0.0211,False,國票安和,1198.0,208.002,1.190854870775348,0.2067614314115308,1,0.0499,False
2025-06-30,3128,昇銳,國票安和,779Z,648,6,0.009,45.1,2025-07-01,0.0499,0.0676,-0.0211,False,國票敦北,805.0,19.002,1.242283950617284,0.029324074074074075,3,0.0499,False
2025-06-30,3535,晶彩科,國票敦北,779c,1564,645,0.412,51.8,2025-07-01,0.0579,0.0985,0.0193,False,凱基城中|統一城中,2698.0,2435.003,1.725063938618926,1.5569072890025575,6,0.0579,False
2025-06-30,3535,晶彩科,凱基城中,9227,1300,662,0.509,51.8,2025-07-01,0.0579,0.0985,0.0193,False,統一城中|國票敦北,4102.0,3082.365,3.1553846153846155,2.37105,2,0.0579,False
2025-06-30,3535,晶彩科,統一城中,5854,1067,414,0.388,51.8,2025-07-01,0.0579,0.0985,0.0193,False,凱基城中|國票敦北,1146.0,130.0,1.0740393626991565,0.1218369259606373,3,0.0579,False
2025-06-30,3577,泓格,凱基城中,9227,489,100,0.204,72.9,2025-07-01,0.0000,0.0782,0.0370,False,,393.0,4.0,0.803680981595092,0.0081799591002045,1,0.0,False
2025-06-30,6742,澤米,富邦總部,9600,740,1,0.001,59.6,2025-07-01,0.0403,0.0419,0.0067,False,,740.5,2.001,1.0006756756756756,0.002704054054054054,2,0.0403,False
2025-07-01,5475,德宏,富邦總部,9600,168,14,0.083,30.9,2025-07-02,0.0000,0.0841,0.0356,False,,139.0,23.213,0.8273809523809523,0.13817261904761904,5,0.0,False
2025-07-02,3167,大量,國票安和,779Z,542,38,0.070,138.0,2025-07-03,0.0181,0.0543,-0.0145,False,凱基城中|富邦總部,573.0,120.001,1.0571955719557196,0.2214040590405904,5,0.0181,False
2025-07-02,3167,大量,凱基城中,9227,740,15,0.020,138.0,2025-07-03,0.0181,0.0543,-0.0145,False,國票安和|富邦總部,913.968,208.0,1.2350918918918918,0.2810810810810811,3,0.0181,False
2025-07-02,3167,大量,富邦總部,9600,1287,3,0.002,138.0,2025-07-03,0.0181,0.0543,-0.0145,False,凱基城中|國票安和,1460.912,694.103,1.135129759129759,0.5393185703185703,1,0.0181,False
2025-07-02,4729,熒茂,富邦總部,9600,712,5,0.007,20.9,2025-07-03,0.0120,0.0694,0.0263,False,,712.0,2.0,1.0,0.0028089887640449437,1,0.012,False
2025-07-03,5278,尚凡,富邦總部,9600,304,0,0.000,34.8,2025-07-04,0.0101,0.0589,-0.0014,False,,296.002,1.0,0.9736907894736843,0.003289473684210526,1,0.0101,False
2025-07-03,6770,力積電,富邦總部,9600,3194,767,0.240,17.65,2025-07-04,0.0085,0.0538,0.0000,False,,5754.819,3337.25,1.801759236067627,1.0448497182216656,5,0.0085,False
2025-07-04,4991,環宇-KY,凱基城中,9227,1534,78,0.051,143.0,2025-07-07,0.0490,0.0490,-0.0420,False,統一城中|富邦總部,1295.0,327.0,0.8441981747066493,0.21316818774445892,4,0.049,False
2025-07-04,4991,環宇-KY,統一城中,5854,1719,42,0.024,143.0,2025-07-07,0.0490,0.0490,-0.0420,False,凱基城中|富邦總部,1090.001,154.035,0.6340901687027342,0.08960732984293193,5,0.049,False
2025-07-04,4991,環宇-KY,富邦總部,9600,2439,531,0.218,143.0,2025-07-07,0.0490,0.0490,-0.0420,False,凱基城中|統一城中,1531.0,1713.0,0.6277162771627717,0.7023370233702337,,0.049,False
2025-07-09,2363,矽統,凱基城中,9227,616,2,0.003,49.5,2025-07-10,0.0323,0.0909,0.0788,False,富邦總部,640.988,45.0,1.040564935064935,0.07305194805194805,5,0.0323,False
2025-07-09,2363,矽統,富邦總部,9600,1555,3,0.002,49.5,2025-07-10,0.0323,0.0909,0.0788,False,凱基城中,2358.26,849.5,1.5165659163987137,0.5463022508038585,1,0.0323,False
2025-07-09,3081,聯亞,富邦總部,9600,766,1,0.001,348.0,2025-07-10,0.0043,0.0747,0.0402,False,,1039.25,848.05,1.3567232375979112,1.1071148825065273,2,0.0043,False
2025-07-09,3708,上緯投控,國票安和,779Z,531,0,0.000,78.4,2025-07-10,0.0995,0.0995,0.0995,False,,545.0,68.0,1.0263653483992468,0.128060263653484,1,0.0995,False
2025-07-10,3543,州巧,富邦總部,9600,507,1,0.002,28.1,2025-07-11,0.0142,0.0641,0.0071,False,,532.029,28.0,1.0493668639053255,0.055226824457593686,1,0.0142,False
2025-07-11,3712,永崴投控,富邦總部,9600,622,0,0.000,50.7,2025-07-14,0.0237,0.0434,-0.0039,False,,694.0,72.0,1.1157556270096463,0.1157556270096463,1,0.0237,False
2025-07-11,6667,信紘科,凱基城中,9227,290,24,0.083,243.0,2025-07-14,0.0082,0.0741,0.0103,False,,272.02,13.0,0.938,0.04482758620689655,3,0.0082,False
2025-07-11,7747,昕奇雲端,國票敦北,779c,40,6,0.150,141.5,2025-07-14,-0.0318,-0.0106,-0.0389,False,,0.0,5.0,0.0,0.125,,-0.0318,False
2025-07-14,1595,川寶,富邦總部,9600,256,3,0.012,40.15,2025-07-15,0.0162,0.0361,0.0187,False,,255.968,0.0,0.999875,0.0,2,0.0162,False
2025-07-14,5314,世紀*,富邦總部,9600,885,40,0.045,70.7,2025-07-15,0.0057,0.0226,-0.0283,False,,1037.0,71.772,1.1717514124293786,0.08109830508474576,3,0.0057,False
2025-07-15,3037,欣興,富邦總部,9600,2373,354,0.149,132.0,2025-07-16,0.0114,0.0720,0.0265,False,,4469.719,3262.06,1.8835731142014327,1.3746565528866415,6,0.0114,False
2025-07-15,3189,景碩,富邦總部,9600,1285,154,0.120,99.2,2025-07-16,0.0131,0.0635,0.0333,False,,1222.555,495.18,0.9514046692607004,0.38535408560311285,3,0.0131,False
2025-07-15,6456,GIS-KY,富邦總部,9600,300,0,0.000,44.1,2025-07-16,0.0091,0.0193,-0.0227,False,,340.0,40.0,1.1333333333333333,0.13333333333333333,1,0.0091,False
2025-07-16,2402,毅嘉,富邦總部,9600,7167,3515,0.490,42.9,2025-07-17,0.0047,0.0117,-0.0455,False,,1693.0,59.09,0.23622157108971675,0.008244732803125435,1,0.0047,False
2025-07-16,6441,廣錠,統一城中,5854,20,0,0.000,29.25,2025-07-17,-0.0085,0.0376,-0.0051,False,,0.0,29.0,0.0,1.45,,-0.0085,False
2025-07-17,2457,飛宏,富邦總部,9600,224,12,0.054,22.55,2025-07-18,0.0200,0.0288,-0.0111,False,,202.0,2.0,0.9017857142857143,0.008928571428571428,7,0.02,False
2025-07-18,2365,昆盈,富邦總部,9600,1118,200,0.179,38.1,2025-07-21,0.0197,0.0984,0.0604,False,,1320.1,401.36,1.1807692307692308,0.35899821109123436,2,0.0197,False
2025-07-18,6215,和椿,富邦總部,9600,557,55,0.099,110.0,2025-07-21,0.0273,0.0909,0.0636,False,,3270.22,3983.1,5.87113105924596,7.150987432675045,,0.0273,False
2025-07-18,6496,科懋,凱基城中,9227,3,0,0.000,26.45,2025-07-21,-0.0473,-0.0019,-0.0397,False,,3.414,0.0,1.138,0.0,4,-0.0473,False
2025-07-21,3541,西柏,凱基城中,9227,33,0,0.000,28.7,2025-07-22,0.0923,0.0993,0.0679,False,,33.149,0.0,1.0045151515151516,0.0,3,0.0923,False
2025-07-21,4551,智伸科,國票敦北,779c,202,0,0.000,132.5,2025-07-22,0.0151,0.0491,-0.0566,False,富邦總部,206.964,18.0,1.0245742574257426,0.0891089108910891,1,0.0151,False
2025-07-21,4551,智伸科,富邦總部,9600,307,0,0.000,132.5,2025-07-22,0.0151,0.0491,-0.0566,False,國票敦北,48.0,45.0,0.1563517915309446,0.1465798045602606,,0.0151,False
2025-07-21,4908,前鼎,國票安和,779Z,91,0,0.000,87.0,2025-07-22,0.0402,0.0736,0.0115,False,,123.0,33.0,1.3516483516483517,0.3626373626373626,8,0.0402,False
2025-07-23,3032,偉訓,富邦總部,9600,1972,412,0.209,109.0,2025-07-24,0.0138,0.0963,0.0826,False,,725.251,605.453,0.3677743407707911,0.3070248478701826,9,0.0138,False
2025-07-23,3332,幸康,凱基城中,9227,58,0,0.000,52.8,2025-07-24,0.0511,0.0833,0.0038,False,,58.028,0.163,1.0004827586206897,0.002810344827586207,1,0.0511,False
2025-07-23,8033,雷虎,富邦總部,9600,1623,185,0.114,68.4,2025-07-24,0.0336,0.0980,0.0161,False,,2203.0,1466.3,1.3573629081947012,0.9034504004929144,1,0.0336,False
2025-07-24,3543,州巧,國票敦北,779c,414,247,0.596,33.1,2025-07-25,0.0423,0.0997,0.0997,True,富邦總部,210.454,4.208,0.5083429951690821,0.010164251207729468,6,0.0423,True
2025-07-24,3543,州巧,富邦總部,9600,288,8,0.028,33.1,2025-07-25,0.0423,0.0997,0.0997,True,國票敦北,574.75,441.0,1.9956597222222223,1.53125,12,0.0423,True
2025-07-24,4916,事欣科,國票敦北,779c,617,9,0.015,45.8,2025-07-25,0.0240,0.0775,0.0295,False,統一城中,628.551,216.002,1.0187212317666126,0.3500842787682334,7,0.024,False
2025-07-24,4916,事欣科,統一城中,5854,857,6,0.007,45.8,2025-07-25,0.0240,0.0775,0.0295,False,國票敦北,898.0,76.2,1.0478413068844807,0.08891481913652276,3,0.024,False
2025-07-28,4160,訊聯基因,國票安和,779Z,15,0,0.000,59.5,2025-07-29,0.0168,0.0168,-0.0454,False,,15.0,0.0,1.0,0.0,6,0.0168,False
2025-07-28,8045,達運光電,富邦總部,9600,68,0,0.000,88.2,2025-07-29,0.0794,0.0998,0.0998,True,,74.75,12.0,1.099264705882353,0.17647058823529413,3,0.0794,True
2025-07-30,2429,銘旺科,富邦總部,9600,1505,5,0.003,88.1,2025-07-31,0.0000,0.0431,0.0159,False,,4308.49,2796.0,2.862784053156146,1.8578073089700997,1,0.0,False
2025-07-30,5438,東友,凱基城中,9227,570,0,0.000,20.9,2025-07-31,0.0981,0.0981,0.0981,False,,570.005,15.0,1.0000087719298245,0.02631578947368421,1,0.0981,False
2025-07-30,6928,攸泰科技,富邦總部,9600,180,96,0.533,72.9,2025-07-31,0.0151,0.0919,-0.0055,False,,85.0,9.0,0.4722222222222222,0.05,2,0.0151,False
2025-07-31,3178,公準,凱基城中,9227,5,0,0.000,56.2,2025-08-01,0.0534,0.0996,0.0996,True,,100.999,104.0,20.1998,20.8,,0.0534,True
2025-08-01,2360,致茂,富邦總部,9600,218,68,0.312,473.5,2025-08-04,0.0127,0.0454,0.0444,False,,357.236,187.422,1.638697247706422,0.8597339449541285,6,0.0127,False
2025-08-01,3167,大量,富邦總部,9600,2492,1925,0.772,187.0,2025-08-04,0.0107,0.0214,-0.0615,False,,534.101,176.0,0.21432624398073835,0.07062600321027288,7,0.0107,False
2025-08-01,3294,英濟,國票敦北,779c,1215,16,0.013,45.75,2025-08-04,0.0011,0.0995,0.0995,False,,1218.025,19.001,1.0024897119341565,0.015638683127572016,2,0.0011,False
2025-08-01,3623,富晶通,凱基城中,9227,129,102,0.791,23.65,2025-08-04,0.0359,0.0994,0.0233,False,,6.0,0.0,0.046511627906976744,0.0,38,0.0359,False
2025-08-01,4908,前鼎,富邦總部,9600,559,0,0.000,92.7,2025-08-04,-0.0076,0.0227,0.0086,False,,443.0,0.0,0.7924865831842576,0.0,1,-0.0076,False
2025-08-01,4916,事欣科,國票敦北,779c,1272,77,0.061,60.5,2025-08-04,0.0000,0.0231,-0.0165,False,國票安和,1247.001,60.3,0.9803466981132075,0.047405660377358494,3,0.0,False
2025-08-01,4916,事欣科,國票安和,779Z,1917,28,0.015,60.5,2025-08-04,0.0000,0.0231,-0.0165,False,國票敦北,1952.001,67.202,1.0182582159624414,0.03505581637976004,2,0.0,False
2025-08-01,5309,系統電,富邦總部,9600,5760,477,0.083,45.65,2025-08-04,0.0077,0.0504,0.0186,False,,6652.0,1362.3,1.1548611111111111,0.23651041666666667,1,0.0077,False
2025-08-01,5388,中磊,國票安和,779Z,702,9,0.013,110.5,2025-08-04,0.0136,0.0226,-0.0633,False,統一城中,994.0,297.051,1.415954415954416,0.42314957264957265,3,0.0136,False
2025-08-01,5388,中磊,統一城中,5854,473,1,0.002,110.5,2025-08-04,0.0136,0.0226,-0.0633,False,國票安和,473.0,9.0,1.0,0.019027484143763214,7,0.0136,False
2025-08-04,1569,濱川,富邦總部,9600,844,2,0.002,58.4,2025-08-05,0.0308,0.0685,-0.0223,False,,852.0,15.114,1.009478672985782,0.017907582938388625,2,0.0308,False
2025-08-04,1587,吉茂,富邦總部,9600,285,0,0.000,32.45,2025-08-05,0.0786,0.0863,0.0339,False,,285.0,0.0,1.0,0.0,2,0.0786,False
2025-08-04,6234,高僑,國票敦北,779c,972,4,0.004,33.6,2025-08-05,0.0253,0.0536,-0.0565,False,凱基城中|統一城中,973.489,2.0,1.0015318930041153,0.00205761316872428,2,0.0253,False
2025-08-04,6234,高僑,凱基城中,9227,555,11,0.020,33.6,2025-08-05,0.0253,0.0536,-0.0565,False,統一城中|國票敦北,586.0,47.0,1.055855855855856,0.08468468468468468,3,0.0253,False
2025-08-04,6234,高僑,統一城中,5854,504,18,0.036,33.6,2025-08-05,0.0253,0.0536,-0.0565,False,凱基城中|國票敦北,518.0,59.0,1.0277777777777777,0.11706349206349206,4,0.0253,False
2025-08-04,6517,保勝光學,富邦總部,9600,221,0,0.000,78.2,2025-08-05,0.0473,0.0934,0.0153,False,,373.205,153.4,1.688710407239819,0.6941176470588235,2,0.0473,False
2025-08-04,8038,長園科,富邦總部,9600,390,1,0.003,44.55,2025-08-05,0.0303,0.0516,0.0101,False,,209.25,4.0,0.5365384615384615,0.010256410256410256,4,0.0303,False
2025-08-05,3306,鼎天,凱基城中,9227,589,53,0.090,50.6,2025-08-06,0.0277,0.0593,0.0217,False,統一城中,578.0,5.0,0.9813242784380306,0.008488964346349746,1,0.0277,False
2025-08-05,3306,鼎天,統一城中,5854,36,1,0.028,50.6,2025-08-06,0.0277,0.0593,0.0217,False,凱基城中,2.0,41.0,0.05555555555555555,1.1388888888888888,,0.0277,False
2025-08-05,6231,系微,富邦總部,9600,457,0,0.000,242.0,2025-08-06,0.0248,0.0455,-0.0289,False,,422.0,45.0,0.9234135667396062,0.09846827133479212,1,0.0248,False
2025-08-05,6270,倍微,凱基城中,9227,315,0,0.000,23.15,2025-08-06,0.0194,0.0648,0.0238,False,,315.0,7.0,1.0,0.022222222222222223,1,0.0194,False
2025-08-05,6706,惠特,富邦總部,9600,788,65,0.082,72.9,2025-08-06,0.0137,0.0316,-0.0850,False,,1146.0,421.0,1.4543147208121827,0.5342639593908629,2,0.0137,False
2025-08-05,6840,東研信超,凱基城中,9227,107,0,0.000,59.4,2025-08-06,0.0286,0.0825,0.0067,False,,114.0,0.0,1.0654205607476634,0.0,1,0.0286,False
2025-08-06,1609,大亞,富邦總部,9600,1699,311,0.183,39.75,2025-08-07,0.0340,0.0692,0.0654,False,,1410.15,89.8,0.8299882283696292,0.05285462036492054,3,0.034,False
2025-08-06,3715,定穎投控,國票敦北,779c,1791,40,0.022,92.4,2025-08-07,0.0195,0.0790,-0.0043,False,統一城中,1801.462,837.601,1.0058414293690676,0.4676722501395868,5,0.0195,False
2025-08-06,3715,定穎投控,統一城中,5854,2074,24,0.012,92.4,2025-08-07,0.0195,0.0790,-0.0043,False,國票敦北,4113.4,2268.2,1.983317261330762,1.093635486981678,3,0.0195,False
2025-08-06,6510,精測,國票敦北,779c,72,0,0.000,959.0,2025-08-07,0.0083,0.0083,0.0073,False,富邦總部,125.266,57.0,1.7398055555555556,0.7916666666666666,3,0.0083,False
2025-08-06,6510,精測,富邦總部,9600,218,21,0.097,959.0,2025-08-07,0.0083,0.0083,0.0073,False,國票敦北,122.112,5.109,0.5601467889908257,0.023435779816513763,1,0.0083,False
2025-08-07,3447,展達,富邦總部,9600,1425,30,0.021,67.1,2025-08-08,0.0104,0.0447,-0.0164,False,,1483.892,45.0,1.0413277192982455,0.031578947368421054,1,0.0104,False
2025-08-07,6196,帆宣,國票敦北,779c,305,11,0.038,220.5,2025-08-08,0.0227,0.0272,-0.0068,False,凱基城中|統一城中,300.203,1.0,0.984272131147541,0.003278688524590164,3,0.0227,False
2025-08-07,6196,帆宣,凱基城中,9227,309,4,0.013,220.5,2025-08-08,0.0227,0.0272,-0.0068,False,統一城中|國票敦北,349.0,16.2,1.1294498381877023,0.05242718446601942,2,0.0227,False
2025-08-07,6196,帆宣,統一城中,5854,425,2,0.005,220.5,2025-08-08,0.0227,0.0272,-0.0068,False,凱基城中|國票敦北,429.0,59.05,1.0094117647058825,0.13894117647058823,1,0.0227,False
2025-08-07,6488,環球晶,富邦總部,9600,536,1,0.003,375.0,2025-08-08,0.0360,0.0360,-0.0333,False,,532.621,4.051,0.993695895522388,0.007557835820895522,3,0.036,False
2025-08-07,6667,信紘科,國票安和,779Z,337,149,0.441,275.0,2025-08-08,0.0164,0.0473,0.0018,False,,336.0,13.0,0.9970326409495549,0.03857566765578635,2,0.0164,False
2025-08-07,8021,尖點,國票安和,779Z,1157,23,0.020,78.1,2025-08-08,0.0269,0.0743,0.0576,False,,1196.0,86.504,1.0337078651685394,0.0747657735522904,3,0.0269,False
2025-08-08,2460,建通,富邦總部,9600,308,0,0.000,19.85,2025-08-11,0.0327,0.0353,0.0076,False,,308.0,0.0,1.0,0.0,1,0.0327,False
2025-08-11,2630,亞航,富邦總部,9600,3664,18,0.005,51.7,2025-08-12,0.0232,0.0986,0.0986,False,,6016.102,2372.32,1.6419492358078602,0.647467248908297,1,0.0232,False
2025-08-11,3219,倚強股份,凱基城中,9227,703,4,0.006,56.2,2025-08-12,0.0712,0.0943,0.0694,False,,731.997,20.0,1.0412475106685632,0.02844950213371266,1,0.0712,False
2025-08-11,3338,泰碩,富邦總部,9600,503,0,0.000,65.1,2025-08-12,0.0323,0.0599,0.0599,False,,507.879,2.0,1.0096998011928429,0.003976143141153081,1,0.0323,False
2025-08-11,4722,國精化,凱基城中,9227,292,3,0.010,78.1,2025-08-12,0.0448,0.0999,0.0999,True,統一城中,176.0,495.0,0.6027397260273972,1.6952054794520548,,0.0448,True
2025-08-11,4722,國精化,統一城中,5854,340,0,0.000,78.1,2025-08-12,0.0448,0.0999,0.0999,True,凱基城中,27.1,305.0,0.07970588235294118,0.8970588235294118,,0.0448,True
2025-08-12,3163,波若威,國票安和,779Z,635,5,0.008,182.0,2025-08-13,0.0302,0.0577,0.0055,False,統一城中,658.166,150.512,1.0364818897637795,0.2370267716535433,3,0.0302,False
2025-08-12,3163,波若威,統一城中,5854,603,10,0.017,182.0,2025-08-13,0.0302,0.0577,0.0055,False,國票安和,604.0,12.021,1.0016583747927033,0.019935323383084576,2,0.0302,False
2025-08-12,3528,安馳,富邦總部,9600,1276,270,0.212,96.8,2025-08-13,-0.0909,-0.0816,-0.0992,False,,877.0,1.3,0.6873040752351097,0.0010188087774294671,1,-0.0909,False
2025-08-12,3605,宏致,國票安和,779Z,1001,10,0.010,74.0,2025-08-13,0.0446,0.0919,0.0230,False,凱基城中|統一城中,1675.04,648.102,1.6733666333666333,0.6474545454545455,2,0.0446,False
2025-08-12,3605,宏致,凱基城中,9227,762,1,0.001,74.0,2025-08-13,0.0446,0.0919,0.0230,False,統一城中|國票安和,1079.0,288.0,1.416010498687664,0.3779527559055118,5,0.0446,False
2025-08-12,3605,宏致,統一城中,5854,852,3,0.004,74.0,2025-08-13,0.0446,0.0919,0.0230,False,凱基城中|國票安和,938.0,62.266,1.1009389671361502,0.07308215962441314,4,0.0446,False
2025-08-12,4722,國精化,國票敦北,779c,602,12,0.020,85.9,2025-08-13,0.0384,0.0920,-0.0198,False,凱基城中|統一城中|國票安和,527.006,1.0,0.8754252491694352,0.0016611295681063123,4,0.0384,False
2025-08-12,4722,國精化,國票安和,779Z,522,11,0.021,85.9,2025-08-13,0.0384,0.0920,-0.0198,False,凱基城中|統一城中|國票敦北,539.001,28.002,1.0325689655172414,0.05364367816091954,5,0.0384,False
2025-08-12,4722,國精化,凱基城中,9227,495,176,0.356,85.9,2025-08-13,0.0384,0.0920,-0.0198,False,統一城中|國票敦北|國票安和,623.0,40.24,1.2585858585858587,0.08129292929292929,2,0.0384,False
2025-08-12,4722,國精化,統一城中,5854,305,27,0.089,85.9,2025-08-13,0.0384,0.0920,-0.0198,False,凱基城中|國票敦北|國票安和,244.0,5.0,0.8,0.01639344262295082,6,0.0384,False
2025-08-12,6283,淳安,凱基城中,9227,50,0,0.000,25.4,2025-08-13,0.0472,0.0984,0.0984,False,,52.0,10.0,1.04,0.2,11,0.0472,False
2025-08-13,1409,新纖,凱基城中,9227,2000,3,0.002,13.8,2025-08-14,0.0471,0.0797,0.0616,False,富邦總部,2018.008,41.0,1.009004,0.0205,3,0.0471,False
2025-08-13,1409,新纖,富邦總部,9600,2375,2,0.001,13.8,2025-08-14,0.0471,0.0797,0.0616,False,凱基城中,2009.879,42.071,0.8462648421052632,0.017714105263157896,4,0.0471,False
2025-08-13,1717,長興,國票安和,779Z,765,40,0.052,31.9,2025-08-14,0.0909,0.0987,0.0987,False,,1220.0,1900.001,1.5947712418300655,2.4836614379084967,,0.0909,False
2025-08-13,2718,晶悅,國票安和,779Z,9,0,0.000,55.2,2025-08-14,0.0996,0.0996,0.0996,True,,9.0,0.0,1.0,0.0,10,0.0996,True
2025-08-13,4526,東台,國票安和,779Z,1585,47,0.030,36.9,2025-08-14,0.0000,0.0745,0.0312,False,,1566.0,13.2,0.98801261829653,0.00832807570977918,1,0.0,False
2025-08-14,2338,光罩,凱基城中,9227,203,0,0.000,39.6,2025-08-15,0.0455,0.0859,0.0215,False,,207.0,25.0,1.019704433497537,0.12315270935960591,5,0.0455,False
2025-08-14,3305,昇貿,國票敦北,779c,537,9,0.017,92.7,2025-08-15,0.0054,0.0485,-0.0485,False,凱基城中|統一城中,539.417,20.0,1.0045009310986965,0.037243947858473,8,0.0054,False
2025-08-14,3305,昇貿,凱基城中,9227,1287,17,0.014,92.7,2025-08-15,0.0054,0.0485,-0.0485,False,統一城中|國票敦北,1303.0,91.0,1.0124320124320125,0.0707070707070707,2,0.0054,False
2025-08-14,3305,昇貿,統一城中,5854,1025,26,0.025,92.7,2025-08-15,0.0054,0.0485,-0.0485,False,凱基城中|國票敦北,1043.0,73.0,1.0175609756097561,0.07121951219512195,5,0.0054,False
2025-08-14,6184,大豐電,國票安和,779Z,24,0,0.000,56.1,2025-08-15,0.0998,0.0998,-0.0392,False,凱基城中,24.0,100.0,1.0,4.166666666666667,,0.0998,False
2025-08-14,6184,大豐電,凱基城中,9227,180,0,0.000,56.1,2025-08-15,0.0998,0.0998,-0.0392,False,國票安和,532.0,283.995,2.9555555555555557,1.57775,3,0.0998,False
2025-08-14,6609,瀧澤科,國票安和,779Z,42,2,0.048,49.0,2025-08-15,0.0694,0.1000,0.0735,False,,60.0,10.0,1.4285714285714286,0.23809523809523808,7,0.0694,False
2025-08-15,1717,長興,國票敦北,779c,2366,241,0.102,38.55,2025-08-18,0.0454,0.0999,0.0999,True,,2386.331,1668.119,1.0085929839391379,0.7050376162299239,11,0.0454,True
2025-08-15,2312,金寶,富邦總部,9600,4023,1,0.000,19.85,2025-08-18,0.0378,0.0428,0.0227,False,,4045.155,50.4,1.0055070842654734,0.012527964205816556,2,0.0378,False
2025-08-15,2498,宏達電,富邦總部,9600,2019,22,0.011,46.95,2025-08-18,0.0948,0.0990,0.0990,False,,491.0,3326.0,0.24318969787023278,1.647350173353145,,0.0948,False
2025-08-15,3490,單井,國票安和,779Z,50,0,0.000,23.75,2025-08-18,0.0505,0.0989,0.0989,False,富邦總部,50.0,0.0,1.0,0.0,8,0.0505,False
2025-08-15,3490,單井,富邦總部,9600,54,4,0.074,23.75,2025-08-18,0.0505,0.0989,0.0989,False,國票安和,51.0,21.0,0.9444444444444444,0.3888888888888889,13,0.0505,False
2025-08-15,3498,陽程,富邦總部,9600,1230,0,0.000,47.85,2025-08-18,0.0700,0.0993,0.0993,False,,27.0,0.0,0.02195121951219512,0.0,6,0.07,False
2025-08-15,4916,事欣科,國票敦北,779c,1008,87,0.086,62.7,2025-08-18,0.0335,0.0989,0.0989,False,統一城中|國票安和,2464.182,2432.243,2.444625,2.412939484126984,,0.0335,False
2025-08-15,4916,事欣科,國票安和,779Z,936,12,0.013,62.7,2025-08-18,0.0335,0.0989,0.0989,False,統一城中|國票敦北,1931.2,1048.105,2.0632478632478635,1.1197702991452991,4,0.0335,False
2025-08-15,4916,事欣科,統一城中,5854,933,22,0.024,62.7,2025-08-18,0.0335,0.0989,0.0989,False,國票敦北|國票安和,2091.0,1232.0,2.2411575562700965,1.3204715969989282,5,0.0335,False
2025-08-15,6530,創威,國票敦北,779c,361,6,0.017,68.5,2025-08-18,0.0365,0.0686,0.0058,False,統一城中|國票安和,366.642,3.0,1.015628808864266,0.008310249307479225,6,0.0365,False
2025-08-15,6530,創威,國票安和,779Z,493,3,0.006,68.5,2025-08-18,0.0365,0.0686,0.0058,False,統一城中|國票敦北,1729.0,1236.004,3.5070993914807302,2.507107505070994,4,0.0365,False
2025-08-15,6530,創威,統一城中,5854,510,425,0.833,68.5,2025-08-18,0.0365,0.0686,0.0058,False,國票敦北|國票安和,1802.0,1293.0,3.533333333333333,2.5352941176470587,3,0.0365,False
2025-08-18,1717,長興,富邦總部,9600,2684,1000,0.373,42.4,2025-08-19,0.0613,0.0684,-0.0024,False,,2104.01,124.98,0.783908345752608,0.04656482861400894,3,0.0613,False
2025-08-18,1802,台玻,國票敦北,779c,3736,368,0.098,37.4,2025-08-19,0.0642,0.0722,-0.0388,False,凱基城中,4085.078,332.36,1.093436295503212,0.08896145610278372,8,0.0642,False
2025-08-18,1802,台玻,凱基城中,9227,2638,113,0.043,37.4,2025-08-19,0.0642,0.0722,-0.0388,False,國票敦北,3035.6,497.7,1.1507202426080363,0.18866565579984837,11,0.0642,False
2025-08-18,3081,聯亞,國票敦北,779c,203,2,0.010,497.0,2025-08-19,0.0362,0.0704,-0.0050,False,國票安和|富邦總部,167.721,39.75,0.8262118226600985,0.1958128078817734,7,0.0362,False
2025-08-18,3081,聯亞,國票安和,779Z,406,22,0.054,497.0,2025-08-19,0.0362,0.0704,-0.0050,False,國票敦北|富邦總部,438.115,125.3,1.0791009852216749,0.3086206896551724,2,0.0362,False
2025-08-18,3081,聯亞,富邦總部,9600,360,153,0.426,497.0,2025-08-19,0.0362,0.0704,-0.0050,False,國票敦北|國票安和,162.0,309.0,0.45,0.8583333333333333,,0.0362,False
2025-08-18,3105,穩懋,國票安和,779Z,946,314,0.332,97.1,2025-08-19,0.0154,0.0206,-0.0340,False,,642.0,186.0,0.678646934460888,0.19661733615221988,5,0.0154,False
2025-08-18,3305,昇貿,國票安和,779Z,557,22,0.039,97.0,2025-08-19,0.0206,0.0979,0.0979,False,凱基城中|統一城中,565.025,1433.002,1.014407540394973,2.572714542190305,,0.0206,False
2025-08-18,3305,昇貿,凱基城中,9227,669,199,0.297,97.0,2025-08-19,0.0206,0.0979,0.0979,False,統一城中|國票安和,901.0,1446.986,1.3467862481315396,2.1629088191330346,,0.0206,False
2025-08-18,3305,昇貿,統一城中,5854,550,13,0.024,97.0,2025-08-19,0.0206,0.0979,0.0979,False,凱基城中|國票安和,565.0,1195.0,1.0272727272727273,2.172727272727273,,0.0206,False
2025-08-18,3691,碩禾,國票安和,779Z,261,0,0.000,89.1,2025-08-19,0.0999,0.0999,0.0999,True,富邦總部,804.0,808.001,3.0804597701149423,3.0957892720306512,,0.0999,True
2025-08-18,3691,碩禾,富邦總部,9600,189,0,0.000,89.1,2025-08-19,0.0999,0.0999,0.0999,True,國票安和,207.0,1032.0,1.0952380952380953,5.4603174603174605,,0.0999,True
2025-08-18,3694,海華,富邦總部,9600,254,0,0.000,95.8,2025-08-19,0.0365,0.0960,0.0856,False,,0.02,0.0,7.874015748031496e-05,0.0,,0.0365,False
2025-08-18,3715,定穎投控,富邦總部,9600,1870,379,0.202,110.5,2025-08-19,0.0362,0.0543,-0.0679,False,,2689.028,1742.41,1.4379828877005347,0.9317700534759358,6,0.0362,False
2025-08-18,7712,博盛半導體,富邦總部,9600,34,18,0.529,132.0,2025-08-19,0.0265,0.0985,0.0341,False,,26.02,0.0,0.7652941176470588,0.0,1,0.0265,False
2025-08-19,1584,精剛,富邦總部,9600,106,0,0.000,26.4,2025-08-20,0.0000,0.0341,-0.0189,False,,86.0,30.0,0.8113207547169812,0.2830188679245283,8,0.0,False
2025-08-19,3691,碩禾,富邦總部,9600,1032,207,0.201,98.0,2025-08-20,-0.0092,0.0000,-0.1000,False,,1913.0,1715.0,1.8536821705426356,1.6618217054263567,3,-0.0092,False
2025-08-19,4722,國精化,富邦總部,9600,1156,676,0.585,107.0,2025-08-20,0.0841,0.0981,0.0981,False,,2282.0,1856.0,1.9740484429065743,1.6055363321799307,1,0.0841,False
2025-08-20,2468,華經,富邦總部,9600,1196,0,0.000,60.5,2025-08-21,0.0364,0.0992,0.0099,False,,1214.47,30.85,1.015443143812709,0.025794314381270902,2,0.0364,False
2025-08-20,6140,訊達,國票敦北,779c,550,13,0.024,44.65,2025-08-21,0.0000,0.0616,-0.0515,False,凱基城中|統一城中,546.007,17.0,0.99274,0.03090909090909091,3,0.0,False
2025-08-20,6140,訊達,凱基城中,9227,509,33,0.065,44.65,2025-08-21,0.0000,0.0616,-0.0515,False,統一城中|國票敦北,566.0,44.0,1.111984282907662,0.08644400785854617,4,0.0,False
2025-08-20,6140,訊達,統一城中,5854,769,7,0.009,44.65,2025-08-21,0.0000,0.0616,-0.0515,False,凱基城中|國票敦北,784.0,20.0,1.0195058517555267,0.02600780234070221,1,0.0,False
2025-08-21,1326,台化,富邦總部,9600,7651,886,0.116,30.9,2025-08-22,0.0324,0.0599,0.0032,False,,6838.001,269.094,0.8937395111750098,0.035171088746569074,1,0.0324,False
2025-08-21,3167,大量,富邦總部,9600,1649,604,0.366,226.5,2025-08-22,0.0022,0.0088,-0.0508,False,,1056.0,42.04,0.6403881140084899,0.025494238932686476,1,0.0022,False
2025-08-21,3402,漢科,富邦總部,9600,85,5,0.059,126.5,2025-08-22,0.0277,0.0830,0.0198,False,,81.0,1.0,0.9529411764705882,0.011764705882352941,5,0.0277,False
2025-08-21,3707,漢磊,國票安和,779Z,281,107,0.381,45.65,2025-08-22,0.0110,0.0131,-0.0153,False,凱基城中,165.0,16.0,0.5871886120996441,0.05693950177935943,10,0.011,False
2025-08-21,3707,漢磊,凱基城中,9227,305,24,0.079,45.65,2025-08-22,0.0110,0.0131,-0.0153,False,國票安和,313.0,26.0,1.0262295081967212,0.08524590163934426,6,0.011,False
2025-08-21,6148,驊宏資,國票敦北,779c,534,0,0.000,59.4,2025-08-22,0.0101,0.0909,-0.0303,False,凱基城中|統一城中|國票安和,2902.175,2368.0,5.434784644194757,4.4344569288389515,5,0.0101,False
2025-08-21,6148,驊宏資,國票安和,779Z,519,2,0.004,59.4,2025-08-22,0.0101,0.0909,-0.0303,False,凱基城中|統一城中|國票敦北,527.001,14.001,1.0154161849710983,0.026976878612716762,6,0.0101,False
2025-08-21,6148,驊宏資,凱基城中,9227,659,9,0.014,59.4,2025-08-22,0.0101,0.0909,-0.0303,False,統一城中|國票敦北|國票安和,764.0,163.724,1.1593323216995448,0.248443095599393,4,0.0101,False
2025-08-21,6148,驊宏資,統一城中,5854,733,9,0.012,59.4,2025-08-22,0.0101,0.0909,-0.0303,False,凱基城中|國票敦北|國票安和,2875.0,2148.0,3.922237380627558,2.930422919508868,2,0.0101,False
2025-08-22,2352,佳世達,凱基城中,9227,874,20,0.023,30.35,2025-08-25,0.0478,0.0988,0.0988,False,,1938.3,1066.0,2.2177345537757436,1.2196796338672768,3,0.0478,False
2025-08-22,3708,上緯投控,凱基城中,9227,575,21,0.037,148.5,2025-08-25,0.0471,0.0471,-0.0471,False,統一城中,581.005,27.0,1.0104434782608696,0.04695652173913043,4,0.0471,False
2025-08-22,3708,上緯投控,統一城中,5854,920,54,0.059,148.5,2025-08-25,0.0471,0.0471,-0.0471,False,凱基城中,1048.0,243.1,1.1391304347826088,0.2642391304347826,3,0.0471,False
2025-08-25,2233,宇隆,國票安和,779Z,568,33,0.058,264.5,2025-08-26,-0.0057,0.0265,0.0076,False,富邦總部,15.0,16.0,0.02640845070422535,0.028169014084507043,,-0.0057,False
2025-08-25,2233,宇隆,富邦總部,9600,354,196,0.554,264.5,2025-08-26,-0.0057,0.0265,0.0076,False,國票安和,21.0,40.003,0.059322033898305086,0.11300282485875707,,-0.0057,False
2025-08-25,2328,廣宇,國票敦北,779c,2469,5,0.002,59.4,2025-08-26,0.0505,0.0724,0.0438,False,統一城中|國票安和,2486.079,30.038,1.00691737545565,0.01216605913325233,2,0.0505,False
2025-08-25,2328,廣宇,國票安和,779Z,1490,94,0.063,59.4,2025-08-26,0.0505,0.0724,0.0438,False,統一城中|國票敦北,1523.092,60.002,1.0222093959731544,0.04026979865771812,6,0.0505,False
2025-08-25,2328,廣宇,統一城中,5854,1520,48,0.032,59.4,2025-08-26,0.0505,0.0724,0.0438,False,國票敦北|國票安和,1552.64,120.1,1.0214736842105263,0.07901315789473684,7,0.0505,False
2025-08-25,2365,昆盈,國票敦北,779c,977,1,0.001,44.65,2025-08-26,0.0414,0.0997,0.0997,True,國票安和|富邦總部,987.016,1247.005,1.0102517911975435,1.2763613101330604,,0.0414,True
2025-08-25,2365,昆盈,國票安和,779Z,978,10,0.010,44.65,2025-08-26,0.0414,0.0997,0.0997,True,國票敦北|富邦總部,465.05,2008.003,0.4755112474437628,2.053172801635992,,0.0414,True
2025-08-25,2365,昆盈,富邦總部,9600,1181,1,0.001,44.65,2025-08-26,0.0414,0.0997,0.0997,True,國票敦北|國票安和,1197.328,1005.011,1.0138255715495343,0.8509830651989839,9,0.0414,True
2025-08-25,6753,龍德造船,富邦總部,9600,632,21,0.033,126.5,2025-08-26,0.0514,0.0988,0.0988,False,,350.0,774.0,0.5537974683544303,1.2246835443037976,,0.0514,False
2025-08-25,6944,兆聯實業,國票安和,779Z,36,0,0.000,595.0,2025-08-26,0.0387,0.0504,0.0336,False,,0.0,3.035,0.0,0.08430555555555555,,0.0387,False
2025-08-26,2338,光罩,富邦總部,9600,512,2,0.004,42.4,2025-08-27,0.0401,0.0696,0.0130,False,,512.358,2.0,1.00069921875,0.00390625,2,0.0401,False
2025-08-26,2365,昆盈,國票安和,779Z,2008,465,0.232,49.1,2025-08-27,0.0305,0.0713,0.0305,False,凱基城中|統一城中,5541.052,3007.006,2.759488047808765,1.4975129482071714,2,0.0305,False
2025-08-26,2365,昆盈,凱基城中,9227,1738,703,0.404,49.1,2025-08-27,0.0305,0.0713,0.0305,False,統一城中|國票安和,1820.001,92.0,1.047181242807825,0.05293440736478711,5,0.0305,False
2025-08-26,2365,昆盈,統一城中,5854,2248,610,0.271,49.1,2025-08-27,0.0305,0.0713,0.0305,False,凱基城中|國票安和,2234.0,33.0,0.9937722419928826,0.014679715302491103,4,0.0305,False
2025-08-26,4976,佳凌,富邦總部,9600,1014,0,0.000,39.75,2025-08-27,0.0843,0.0918,0.0164,False,,1015.0,1.1,1.0009861932938855,0.0010848126232741618,1,0.0843,False
2025-08-26,5289,宜鼎,凱基城中,9227,200,7,0.035,270.5,2025-08-27,0.0998,0.0998,0.0998,True,,85.0,4.427,0.425,0.022135,4,0.0998,True
2025-08-26,6666,羅麗芬-KY,凱基城中,9227,309,1,0.003,61.7,2025-08-27,0.0502,0.0535,-0.0551,False,,222.0,2.0,0.7184466019417476,0.006472491909385114,1,0.0502,False
2025-08-27,2228,劍麟,富邦總部,9600,106,0,0.000,121.0,2025-08-28,0.0331,0.0331,-0.0620,False,,104.0,8.0,0.9811320754716981,0.07547169811320754,7,0.0331,False
2025-08-27,2634,漢翔,富邦總部,9600,10368,3262,0.315,54.6,2025-08-28,0.0440,0.0989,0.0989,False,,9673.36,4717.863,0.9330015432098765,0.45504079861111113,1,0.044,False
2025-08-27,3047,訊舟,富邦總部,9600,3000,0,0.000,21.5,2025-08-28,0.0698,0.1000,0.1000,True,,1389.0,3564.0,0.463,1.188,,0.0698,True
2025-08-27,3163,波若威,富邦總部,9600,1695,314,0.185,237.0,2025-08-28,0.0169,0.0401,0.0042,False,,2782.974,1824.353,1.6418725663716813,1.0763144542772862,3,0.0169,False
2025-08-27,3630,新鉅科,富邦總部,9600,1537,2,0.001,35.2,2025-08-28,0.0483,0.0994,0.0994,False,,1541.5,382.0,1.0029277813923227,0.24853610930383865,1,0.0483,False
2025-08-27,5289,宜鼎,富邦總部,9600,186,3,0.016,297.5,2025-08-28,-0.0218,0.0336,-0.0202,False,,234.1,7.785,1.2586021505376344,0.04185483870967742,4,-0.0218,False
2025-08-28,1536,和大,富邦總部,9600,2260,73,0.032,72.9,2025-08-29,0.0508,0.0576,-0.0535,False,,5498.526,3320.024,2.4329761061946904,1.469037168141593,1,0.0508,False
2025-08-28,2208,台船,國票安和,779Z,2431,52,0.021,19.85,2025-08-29,0.0479,0.0831,0.0378,False,統一城中,2470.0,83.005,1.0160427807486632,0.034144385026737965,1,0.0479,False
2025-08-28,2208,台船,統一城中,5854,2053,5,0.002,19.85,2025-08-29,0.0479,0.0831,0.0378,False,國票安和,2060.0,42.096,1.003409644422796,0.020504627374573793,4,0.0479,False
2025-08-28,3047,訊舟,富邦總部,9600,3564,1389,0.390,23.65,2025-08-29,0.0571,0.0698,-0.0655,False,,6774.3,2489.6,1.9007575757575759,0.6985409652076319,1,0.0571,False
2025-08-28,3219,倚強股份,富邦總部,9600,108,11,0.102,104.5,2025-08-29,0.0622,0.0718,0.0335,False,,130.356,19.0,1.207,0.17592592592592593,3,0.0622,False
2025-08-28,3548,兆利,國票敦北,779c,360,2,0.006,126.5,2025-08-29,0.0395,0.0435,-0.0079,False,,6.455,20.0,0.017930555555555557,0.05555555555555555,,0.0395,False
2025-08-28,4540,全球傳動,富邦總部,9600,1434,36,0.025,49.6,2025-08-29,0.0383,0.0544,-0.0625,False,,1399.0,2.0,0.9755927475592747,0.001394700139470014,1,0.0383,False
2025-08-28,4585,達明,國票安和,779Z,8,0,0.000,718.0,2025-08-29,-0.0479,0.1490,0.1142,True,,2.1,0.0,0.2625,0.0,32,-0.0479,True
2025-08-28,6591,動力-KY,富邦總部,9600,253,1,0.003,93.8,2025-08-29,0.0448,0.0981,0.0714,False,,297.0,44.5,1.173913043478261,0.17588932806324112,1,0.0448,False
2025-08-28,7402,邑錡,國票安和,779Z,283,5,0.018,132.0,2025-08-29,0.0000,0.0227,-0.0227,False,凱基城中|統一城中,316.0,21.201,1.11660777385159,0.07491519434628975,2,0.0,False
2025-08-28,7402,邑錡,凱基城中,9227,227,2,0.009,132.0,2025-08-29,0.0000,0.0227,-0.0227,False,統一城中|國票安和,251.0,39.3,1.105726872246696,0.17312775330396477,5,0.0,False
2025-08-28,7402,邑錡,統一城中,5854,307,67,0.218,132.0,2025-08-29,0.0000,0.0227,-0.0227,False,凱基城中|國票安和,268.0,6.152,0.8729641693811075,0.020039087947882735,4,0.0,False
2025-08-28,8046,南電,國票安和,779Z,2024,532,0.263,226.0,2025-08-29,0.0265,0.0310,-0.0265,False,,3178.206,1186.001,1.570259881422925,0.5859688735177866,1,0.0265,False
2025-08-28,8074,鉅橡,富邦總部,9600,1125,9,0.008,37.5,2025-08-29,0.0133,0.0347,-0.0533,False,,1169.0,73.0,1.039111111111111,0.06488888888888888,1,0.0133,False
2025-08-29,3025,星通,富邦總部,9600,700,12,0.017,52.9,2025-09-01,0.0435,0.0435,-0.0416,False,,690.0,3.0,0.9857142857142858,0.004285714285714286,1,0.0435,False
2025-08-29,3653,健策,國票安和,779Z,80,1,0.012,2095.0,2025-09-01,0.0358,0.0716,0.0525,False,,5.002,36.0,0.062525,0.45,,0.0358,False
2025-08-29,4541,晟田,富邦總部,9600,1314,836,0.637,60.6,2025-09-01,0.0297,0.0363,-0.0215,False,,1045.446,35.025,0.7956210045662101,0.02665525114155251,3,0.0297,False
2025-08-29,4989,榮科,凱基城中,9227,132,0,0.000,33.0,2025-09-01,-0.0061,0.0242,0.0242,False,,122.0,509.0,0.9242424242424242,3.856060606060606,,-0.0061,False
2025-08-29,6168,宏齊,國票安和,779Z,65,1,0.015,20.9,2025-09-01,0.0981,0.0981,0.0981,False,富邦總部,68.0,0.0,1.0461538461538462,0.0,6,0.0981,False
2025-08-29,6168,宏齊,富邦總部,9600,102,0,0.000,20.9,2025-09-01,0.0981,0.0981,0.0981,False,國票安和,0.0,31.0,0.0,0.30392156862745096,,0.0981,False
2025-08-29,6217,中探針,國票安和,779Z,1036,40,0.039,46.9,2025-09-01,0.0107,0.0789,0.0373,False,富邦總部,699.0,58.4,0.6747104247104247,0.05637065637065637,2,0.0107,False
2025-08-29,6217,中探針,富邦總部,9600,2684,3,0.001,46.9,2025-09-01,0.0107,0.0789,0.0373,False,國票安和,3172.0,633.1,1.1818181818181819,0.23587928464977645,1,0.0107,False
2025-08-29,6515,穎崴,富邦總部,9600,77,1,0.014,1375.0,2025-09-01,0.0291,0.0982,0.0982,False,,139.298,157.062,1.809064935064935,2.0397662337662337,,0.0291,False
2025-08-29,6735,美達科技,凱基城中,9227,140,3,0.021,57.3,2025-09-01,0.0646,0.0995,0.0995,False,,100.0,0.0,0.7142857142857143,0.0,1,0.0646,False
2025-08-29,8070,長華*,國票敦北,779c,364,3,0.008,43.55,2025-09-01,-0.0011,-0.0011,-0.0367,False,統一城中|國票安和,340.023,4.0,0.9341291208791209,0.01098901098901099,5,-0.0011,False
2025-08-29,8070,長華*,國票安和,779Z,479,10,0.021,43.55,2025-09-01,-0.0011,-0.0011,-0.0367,False,統一城中|國票敦北,470.0,6.0,0.9812108559498957,0.012526096033402923,3,-0.0011,False
2025-08-29,8070,長華*,統一城中,5854,559,25,0.045,43.55,2025-09-01,-0.0011,-0.0011,-0.0367,False,國票敦北|國票安和,475.0,1.1,0.8497316636851521,0.001967799642218247,2,-0.0011,False
2025-09-01,1773,勝一,富邦總部,9600,1651,1054,0.639,154.5,2025-09-02,0.0000,0.0000,-0.0388,False,,964.229,368.196,0.5840272562083586,0.22301393095093883,1,0.0,False
2025-09-01,5536,聖暉*,富邦總部,9600,750,234,0.312,981.0,2025-09-02,0.0112,0.0347,-0.0489,False,,386.0,90.05,0.5146666666666667,0.12006666666666667,1,0.0112,False
2025-09-02,5227,立凱-KY,凱基城中,9227,142,2,0.014,32.45,2025-09-03,0.0277,0.0832,0.0478,False,,142.0,0.0,1.0,0.0,1,0.0277,False
2025-09-02,6919,康霈*,富邦總部,9600,1765,363,0.206,231.5,2025-09-03,0.0281,0.0994,0.0994,False,,1745.385,1185.611,0.9888866855524079,0.6717342776203966,6,0.0281,False
2025-09-03,1810,和成,國票安和,779Z,489,13,0.027,24.2,2025-09-04,0.0475,0.0579,-0.0413,False,凱基城中,476.0,13.0,0.9734151329243353,0.026584867075664622,8,0.0475,False
2025-09-03,1810,和成,凱基城中,9227,1005,55,0.055,24.2,2025-09-04,0.0475,0.0579,-0.0413,False,國票安和,1028.0,72.0,1.0228855721393035,0.07164179104477612,3,0.0475,False
2025-09-03,2419,仲琦,凱基城中,9227,2036,2,0.001,25.3,2025-09-04,0.0850,0.0870,-0.0198,False,,2039.208,8.0,1.0015756385068761,0.003929273084479371,1,0.085,False
2025-09-03,2630,亞航,富邦總部,9600,1071,21,0.020,72.7,2025-09-04,0.0426,0.0990,-0.0454,False,,1901.154,1801.16,1.7751204481792717,1.6817553688141924,12,0.0426,False
2025-09-03,2634,漢翔,富邦總部,9600,9300,377,0.041,67.1,2025-09-04,0.0373,0.0656,-0.0328,False,,10201.558,2968.01,1.0969417204301075,0.3191408602150538,2,0.0373,False
2025-09-03,4414,如興,富邦總部,9600,7,0,0.000,11.6,2025-09-04,0.0991,0.0991,0.0991,False,,0.0,0.0,0.0,0.0,,0.0991,False
2025-09-03,5438,東友,凱基城中,9227,511,310,0.607,28.15,2025-09-04,0.0409,0.0995,0.0622,False,富邦總部,912.0,712.0,1.7847358121330723,1.3933463796477494,4,0.0409,False
2025-09-03,5438,東友,富邦總部,9600,825,41,0.050,28.15,2025-09-04,0.0409,0.0995,0.0622,False,凱基城中,831.0,3.0,1.0072727272727273,0.0036363636363636364,1,0.0409,False
2025-09-04,2208,台船,凱基城中,9227,1015,17,0.017,22.65,2025-09-05,0.0905,0.0993,0.0971,False,富邦總部,1136.385,49.0,1.1195911330049262,0.04827586206896552,7,0.0905,False
2025-09-04,2208,台船,富邦總部,9600,2002,5,0.002,22.65,2025-09-05,0.0905,0.0993,0.0971,False,凱基城中,2007.649,33.079,1.0028216783216783,0.016522977022977024,2,0.0905,False
2025-09-04,2353,宏碁,富邦總部,9600,7603,1,0.000,32.45,2025-09-05,0.0971,0.0971,0.0293,False,,7627.438,32.11,1.0032142575299223,0.004223332894909904,2,0.0971,False
2025-09-04,2520,冠德,國票敦北,779c,379,0,0.001,39.65,2025-09-05,0.0214,0.0416,0.0139,False,統一城中|國票安和,380.192,3.0,1.0031451187335092,0.0079155672823219,5,0.0214,False
2025-09-04,2520,冠德,國票安和,779Z,370,17,0.046,39.65,2025-09-05,0.0214,0.0416,0.0139,False,統一城中|國票敦北,200.0,49.0,0.5405405405405406,0.13243243243243244,15,0.0214,False
2025-09-04,2520,冠德,統一城中,5854,511,3,0.006,39.65,2025-09-05,0.0214,0.0416,0.0139,False,國票敦北|國票安和,510.521,50.353,0.9990626223091976,0.09853816046966732,4,0.0214,False
2025-09-04,2524,京城,國票安和,779Z,499,0,0.000,49.15,2025-09-05,0.0682,0.0987,-0.0010,False,,499.0,0.0,1.0,0.0,1,0.0682,False
2025-09-04,3704,合勤控,富邦總部,9600,2327,1224,0.526,35.8,2025-09-05,0.0363,0.0447,0.0307,False,,926.0,164.0,0.3979372582724538,0.07047700902449505,2,0.0363,False
2025-09-04,6219,富旺,國票安和,779Z,50,0,0.000,21.5,2025-09-05,0.0977,0.0977,0.0070,False,,50.0,0.0,1.0,0.0,4,0.0977,False
2025-09-04,6727,亞泰金屬,富邦總部,9600,67,9,0.136,204.0,2025-09-05,0.0588,0.0980,0.0809,False,,20.05,81.0,0.2992537313432836,1.208955223880597,,0.0588,False
2025-09-05,2344,華邦電,國票安和,779Z,12047,105,0.009,22.55,2025-09-08,0.0931,0.0998,0.0909,False,,7869.0,2098.599,0.6531916659749315,0.17420096289532663,1,0.0931,False
2025-09-05,2408,南亞科,富邦總部,9600,11166,3475,0.311,53.0,2025-09-08,0.0906,0.1000,0.0094,False,,20188.013,14311.556,1.8079897008776644,1.2817084005015225,3,0.0906,False
2025-09-05,6789,采鈺,國票安和,779Z,426,49,0.115,298.0,2025-09-08,0.0403,0.0956,0.0839,False,,347.0,158.002,0.8145539906103286,0.37089671361502347,6,0.0403,False
2025-09-09,1815,富喬,富邦總部,9600,7227,1444,0.200,67.1,2025-09-10,0.0298,0.0522,-0.0194,False,,7501.723,422.7,1.0380134218901342,0.05848899958489,2,0.0298,False
2025-09-09,3498,陽程,富邦總部,9600,564,0,0.000,55.0,2025-09-10,0.0200,0.0600,-0.0291,False,,2087.0,1543.0,3.700354609929078,2.7358156028368796,1,0.02,False
2025-09-09,5289,宜鼎,凱基城中,9227,255,18,0.069,336.0,2025-09-10,0.0372,0.0551,0.0238,False,統一城中,501.066,249.0,1.964964705882353,0.9764705882352941,3,0.0372,False
2025-09-09,5289,宜鼎,統一城中,5854,301,13,0.043,336.0,2025-09-10,0.0372,0.0551,0.0238,False,凱基城中,294.02,5.5,0.9768106312292358,0.018272425249169437,2,0.0372,False
2025-09-09,8021,尖點,國票敦北,779c,753,23,0.031,99.2,2025-09-10,0.0282,0.0585,-0.0323,False,富邦總部,75.452,309.0,0.10020185922974767,0.4103585657370518,,0.0282,False
2025-09-09,8021,尖點,富邦總部,9600,2385,802,0.336,99.2,2025-09-10,0.0282,0.0585,-0.0323,False,國票敦北,1937.05,745.225,0.8121802935010483,0.31246331236897273,3,0.0282,False
2025-09-10,1104,環泥,富邦總部,9600,1806,1618,0.896,32.0,2025-09-11,-0.0047,-0.0047,-0.0422,False,,188.0,5.0,0.10409745293466224,0.0027685492801771874,6,-0.0047,False
2025-09-10,1711,永光,富邦總部,9600,4004,2622,0.655,22.0,2025-09-11,0.0000,0.0068,-0.0591,False,,2027.0,346.0,0.5062437562437563,0.08641358641358642,2,0.0,False
2025-09-10,2301,光寶科,富邦總部,9600,1343,15,0.011,154.5,2025-09-11,0.0421,0.0971,0.0712,False,,6616.83,5141.164,4.926902457185406,3.8281191362621,6,0.0421,False
2025-09-10,2328,廣宇,富邦總部,9600,1942,90,0.046,60.7,2025-09-11,-0.0198,-0.0148,-0.0643,False,,1231.099,38.25,0.6339335736354273,0.019696189495365602,2,-0.0198,False
2025-09-10,4768,晶呈科技,富邦總部,9600,100,0,0.000,193.0,2025-09-11,0.0389,0.0492,-0.0363,False,,103.0,8.0,1.03,0.08,3,0.0389,False
2025-09-10,6669,緯穎,富邦總部,9600,334,7,0.021,3310.0,2025-09-11,0.0121,0.0166,0.0000,False,,243.246,310.262,0.7282814371257486,0.9289281437125748,,0.0121,False
2025-09-10,6753,龍德造船,富邦總部,9600,1327,37,0.028,203.5,2025-09-11,0.0197,0.0516,-0.0934,False,,972.443,192.45,0.7328131122833459,0.14502637528259232,2,0.0197,False
2025-09-10,6937,天虹,統一城中,5854,133,2,0.015,270.5,2025-09-11,-0.0018,0.0018,-0.0333,False,,133.0,1.13,1.0,0.008496240601503759,2,-0.0018,False
2025-09-10,8099,大世科,國票安和,779Z,52,0,0.000,82.6,2025-09-11,0.0424,0.0787,0.0230,False,,52.0,0.0,1.0,0.0,8,0.0424,False
2025-09-11,1256,鮮活果汁-KY,凱基城中,9227,122,0,0.000,182.0,2025-09-12,0.0302,0.0962,-0.0385,False,,127.0,5.0,1.040983606557377,0.040983606557377046,1,0.0302,False
2025-09-11,6161,捷波,凱基城中,9227,279,0,0.000,44.75,2025-09-12,0.0994,0.0994,0.0123,False,,340.0,66.468,1.2186379928315412,0.23823655913978495,1,0.0994,False
2025-09-11,6235,華孚,凱基城中,9227,1542,0,0.000,66.1,2025-09-12,-0.0030,0.0530,0.0499,False,,1680.998,143.164,1.090141374837873,0.09284306095979247,1,-0.003,False
2025-09-11,7795,長廣,國票安和,779Z,15,0,0.000,225.0,2025-09-12,-0.0070,0.0133,0.0067,False,,30.0,0.0,2.0,0.0,1,-0.007,False
2025-09-12,3707,漢磊,富邦總部,9600,1730,714,0.413,57.2,2025-09-15,0.0402,0.0997,0.0997,True,,2795.188,2980.85,1.6157156069364162,1.7230346820809248,,0.0402,True
2025-09-12,5392,能率,富邦總部,9600,6693,3310,0.495,43.5,2025-09-15,0.0540,0.1000,0.0920,False,,7217.12,3850.948,1.0783086807111908,0.5753694905124758,1,0.054,False
2025-09-15,3016,嘉晶,富邦總部,9600,1785,225,0.126,49.15,2025-09-16,0.0376,0.0987,0.0987,False,,1419.208,2195.01,0.7950745098039216,1.2296974789915966,,0.0376,False
2025-09-15,3031,佰鴻,富邦總部,9600,368,0,0.000,20.95,2025-09-16,0.0263,0.0334,-0.0095,False,,371.0,3.0,1.0081521739130435,0.008152173913043478,1,0.0263,False
2025-09-15,4967,十銓,富邦總部,9600,726,220,0.303,82.8,2025-09-16,0.0290,0.0990,0.0700,False,,1620.15,931.128,2.2316115702479338,1.2825454545454547,3,0.029,False
2025-09-15,6182,合晶,凱基城中,9227,308,7,0.023,29.8,2025-09-16,0.0470,0.0889,0.0721,False,富邦總部,341.48,31.02,1.1087012987012987,0.10071428571428571,8,0.047,False
2025-09-15,6182,合晶,富邦總部,9600,4422,955,0.216,29.8,2025-09-16,0.0470,0.0889,0.0721,False,凱基城中,6414.02,961.1,1.450479421076436,0.21734509271822705,1,0.047,False
2025-09-16,3532,台勝科,富邦總部,9600,600,0,0.000,92.5,2025-09-17,0.0216,0.0973,0.0497,False,,603.06,85.0,1.0051,0.14166666666666666,3,0.0216,False
2025-09-16,7799,禾榮科,富邦總部,9600,121,60,0.498,839.0,2025-09-17,-0.0095,0.0250,-0.0346,False,,54.05,29.11,0.44669421487603306,0.24057851239669423,6,-0.0095,False
2025-09-17,2375,凱美,富邦總部,9600,549,168,0.306,66.0,2025-09-18,0.0227,0.0515,0.0348,False,,381.0,1.0,0.6939890710382514,0.0018214936247723133,4,0.0227,False
2025-09-17,3016,嘉晶,富邦總部,9600,2194,1955,0.891,59.4,2025-09-18,0.0034,0.0354,0.0354,False,,2388.0,55.005,1.088422971741112,0.025070647219690063,1,0.0034,False
2025-09-17,4934,太極,富邦總部,9600,821,0,0.000,13.25,2025-09-18,0.0981,0.0981,0.0981,False,,471.0,0.0,0.5736906211936662,0.0,1,0.0981,False
2025-09-17,7780,大研生醫*,國票敦北,779c,89,6,0.067,220.5,2025-09-18,0.0884,0.0884,0.0499,False,,7.293,5.0,0.0819438202247191,0.056179775280898875,,0.0884,False
2025-09-18,1587,吉茂,富邦總部,9600,1440,44,0.031,44.0,2025-09-19,0.0898,0.1000,-0.0159,False,,3303.865,1911.0,2.2943506944444443,1.3270833333333334,1,0.0898,False
2025-09-18,2337,旺宏,富邦總部,9600,8594,5222,0.608,27.05,2025-09-19,0.0388,0.0684,0.0296,False,,4765.576,839.087,0.5545236211310216,0.0976363742145683,2,0.0388,False
2025-09-18,6485,點序,凱基城中,9227,985,709,0.720,73.9,2025-09-19,0.0622,0.0650,-0.0338,False,,337.0,58.0,0.34213197969543147,0.05888324873096447,1,0.0622,False
2025-09-18,6488,環球晶,國票敦北,779c,1048,108,0.103,490.5,2025-09-19,0.0398,0.0601,0.0296,False,國票安和,769.454,1.05,0.7342118320610687,0.001001908396946565,2,0.0398,False
2025-09-18,6488,環球晶,國票安和,779Z,831,10,0.012,490.5,2025-09-19,0.0398,0.0601,0.0296,False,國票敦北,865.65,259.21,1.041696750902527,0.3119253910950662,3,0.0398,False
2025-09-19,3450,聯鈞,富邦總部,9600,2299,1356,0.590,248.5,2025-09-22,0.0161,0.0664,0.0402,False,,1684.408,878.055,0.7326698564593301,0.38192909960852545,3,0.0161,False
2025-09-19,4934,太極,富邦總部,9600,501,350,0.699,16.0,2025-09-22,-0.0094,-0.0094,-0.0969,False,,501.0,0.001,1.0,1.9960079840319363e-06,1,-0.0094,False
2025-09-19,8043,蜜望實,凱基城中,9227,1194,16,0.013,31.95,2025-09-22,0.0626,0.0986,0.0986,False,,0.0,1.425,0.0,0.0011934673366834172,,0.0626,False
2025-09-19,8046,南電,國票敦北,779c,923,8,0.009,220.0,2025-09-22,0.0045,0.0886,0.0705,False,統一城中,925.001,19.318,1.0021679306608884,0.020929577464788733,2,0.0045,False
2025-09-19,8046,南電,統一城中,5854,1003,28,0.028,220.0,2025-09-22,0.0045,0.0886,0.0705,False,國票敦北,784.0,24.2,0.7816550348953141,0.024127617148554336,3,0.0045,False
2025-09-22,3006,晶豪科,國票安和,779Z,630,38,0.060,80.5,2025-09-23,0.0161,0.0286,0.0062,False,富邦總部,40.0,228.001,0.06349206349206349,0.36190634920634923,,0.0161,False
2025-09-22,3006,晶豪科,富邦總部,9600,3469,21,0.006,80.5,2025-09-23,0.0161,0.0286,0.0062,False,國票安和,748.001,86.668,0.21562438743153647,0.02498356875180167,3,0.0161,False
2025-09-22,6449,鈺邦,凱基城中,9227,238,17,0.071,209.0,2025-09-23,0.0024,0.0167,-0.0502,False,,248.0,33.0,1.0420168067226891,0.13865546218487396,3,0.0024,False
2025-09-22,6928,攸泰科技,凱基城中,9227,668,0,0.000,69.6,2025-09-23,-0.0086,-0.0043,-0.0948,False,,668.0,2.0,1.0,0.0029940119760479044,1,-0.0086,False
2025-09-22,8096,擎亞,富邦總部,9600,1789,11,0.006,46.95,2025-09-23,0.0575,0.0596,-0.0256,False,,1814.919,240.848,1.0144879821129122,0.13462716601453326,1,0.0575,False
2025-09-23,5457,宣德,富邦總部,9600,499,0,0.000,51.7,2025-09-24,0.0135,0.0155,-0.0058,False,,242.0,2.0,0.4849699398797595,0.004008016032064128,3,0.0135,False
2025-09-23,6739,竹陞科技,國票安和,779Z,63,3,0.048,859.0,2025-09-24,0.0163,0.0489,0.0349,False,凱基城中,66.0,6.55,1.0476190476190477,0.10396825396825397,1,0.0163,False
2025-09-23,6739,竹陞科技,凱基城中,9227,62,1,0.016,859.0,2025-09-24,0.0163,0.0489,0.0349,False,國票安和,63.0,5.0,1.0161290322580645,0.08064516129032258,2,0.0163,False
2025-09-24,1784,訊聯,凱基城中,9227,517,0,0.000,84.9,2025-09-25,0.0318,0.0412,-0.0424,False,,665.999,149.0,1.2881992263056092,0.28820116054158607,1,0.0318,False
2025-09-24,2375,凱美,國票敦北,779c,827,1,0.001,80.3,2025-09-25,0.0237,0.0585,-0.0262,False,凱基城中|國票安和,833.991,11.0,1.008453446191052,0.013301088270858524,2,0.0237,False
2025-09-24,2375,凱美,國票安和,779Z,855,9,0.011,80.3,2025-09-25,0.0237,0.0585,-0.0262,False,凱基城中|國票敦北,851.1,8.002,0.9954385964912281,0.00935906432748538,1,0.0237,False
2025-09-24,2375,凱美,凱基城中,9227,513,84,0.164,80.3,2025-09-25,0.0237,0.0585,-0.0262,False,國票敦北|國票安和,625.0,209.0,1.2183235867446394,0.4074074074074074,5,0.0237,False
2025-09-24,6127,九豪,富邦總部,9600,688,0,0.000,26.95,2025-09-25,0.0000,0.0761,-0.0093,False,,688.0,0.0,1.0,0.0,2,0.0,False
2025-09-24,6173,信昌電,國票安和,779Z,362,4,0.011,50.8,2025-09-25,0.0433,0.0827,-0.0207,False,凱基城中|統一城中,372.0,37.001,1.0276243093922652,0.10221270718232044,6,0.0433,False
2025-09-24,6173,信昌電,凱基城中,9227,636,39,0.061,50.8,2025-09-25,0.0433,0.0827,-0.0207,False,統一城中|國票安和,673.0,57.0,1.0581761006289307,0.08962264150943396,2,0.0433,False
2025-09-24,6173,信昌電,統一城中,5854,501,31,0.062,50.8,2025-09-25,0.0433,0.0827,-0.0207,False,凱基城中|國票安和,490.0,16.0,0.9780439121756487,0.031936127744510975,4,0.0433,False
2025-09-24,8043,蜜望實,富邦總部,9600,1259,0,0.000,34.75,2025-09-25,0.0058,0.0950,0.0187,False,,2395.05,1152.0,1.9023431294678317,0.9150119142176331,1,0.0058,False
2025-09-25,1795,美時,國票安和,779Z,605,3,0.005,232.0,2025-09-26,0.0539,0.0991,0.0991,False,富邦總部,701.08,495.0,1.1588099173553719,0.8181818181818182,3,0.0539,False
2025-09-25,1795,美時,富邦總部,9600,110,0,0.000,232.0,2025-09-26,0.0539,0.0991,0.0991,False,國票安和,235.247,216.0,2.138609090909091,1.9636363636363636,,0.0539,False
2025-09-25,2033,佳大,國票安和,779Z,30,0,0.000,21.45,2025-09-26,0.0047,0.0117,-0.0513,False,統一城中,30.0,0.0,1.0,0.0,5,0.0047,False
2025-09-25,2033,佳大,統一城中,5854,40,4,0.100,21.45,2025-09-26,0.0047,0.0117,-0.0513,False,國票安和,40.0,6.0,1.0,0.15,4,0.0047,False
2025-09-25,5392,能率,富邦總部,9600,1905,615,0.323,58.4,2025-09-26,0.0205,0.0274,-0.0411,False,,1499.145,618.002,0.7869527559055118,0.32441049868766403,2,0.0205,False
2025-09-26,2009,第一銅,國票敦北,779c,601,29,0.048,41.95,2025-09-30,0.0489,0.0548,0.0083,False,統一城中,641.0,3.0,1.0665557404326123,0.004991680532445923,2,0.0489,False
2025-09-26,2009,第一銅,統一城中,5854,514,18,0.035,41.95,2025-09-30,0.0489,0.0548,0.0083,False,國票敦北,499.0,23.0,0.9708171206225681,0.04474708171206226,6,0.0489,False
2025-09-30,3430,奇鈦科,國票敦北,779c,340,10,0.029,77.0,2025-10-01,0.0195,0.0519,0.0519,False,凱基城中,336.001,11.0,0.9882382352941177,0.03235294117647059,1,0.0195,False
2025-09-30,3430,奇鈦科,凱基城中,9227,129,5,0.039,77.0,2025-10-01,0.0195,0.0519,0.0519,False,國票敦北,143.0,44.01,1.1085271317829457,0.3411627906976744,5,0.0195,False
2025-09-30,6706,惠特,富邦總部,9600,655,411,0.627,89.2,2025-10-01,-0.0112,0.0863,-0.0325,False,,283.41,74.31,0.4326870229007634,0.11345038167938931,6,-0.0112,False
2025-09-30,6770,力積電,富邦總部,9600,15079,5155,0.342,25.4,2025-10-01,0.0000,0.0984,0.0984,False,,16846.537,7818.392,1.1172184494993036,0.5184953909410438,1,0.0,False
2025-10-01,5475,德宏,國票安和,779Z,242,9,0.037,65.1,2025-10-02,-0.0015,0.0906,0.0538,False,,238.0,27.054,0.9834710743801653,0.11179338842975206,6,-0.0015,False
2025-10-02,3581,博磊,凱基城中,9227,621,1,0.002,55.0,2025-10-03,0.0691,0.1000,0.1000,True,,279.0,1702.0,0.4492753623188406,2.740740740740741,,0.0691,True
2025-10-03,3581,博磊,凱基城中,9227,1702,279,0.164,60.5,2025-10-07,0.0793,0.0992,0.0909,False,,2067.0,16.0,1.2144535840188013,0.009400705052878966,1,0.0793,False
2025-10-03,6449,鈺邦,凱基城中,9227,261,18,0.069,220.5,2025-10-07,-0.0113,0.0204,-0.0113,False,富邦總部,250.0,8.0,0.9578544061302682,0.03065134099616858,1,-0.0113,False
2025-10-03,6449,鈺邦,富邦總部,9600,443,68,0.153,220.5,2025-10-07,-0.0113,0.0204,-0.0113,False,凱基城中,326.669,214.419,0.7374018058690744,0.4840158013544018,8,-0.0113,False
2025-10-03,6805,富世達,富邦總部,9600,528,28,0.053,1105.0,2025-10-07,0.0045,0.0181,0.0136,False,,377.2,133.094,0.7143939393939394,0.2520719696969697,1,0.0045,False
2025-10-03,8046,南電,國票敦北,779c,856,9,0.011,254.0,2025-10-07,0.0177,0.0295,-0.0039,False,富邦總部,612.273,205.301,0.7152721962616823,0.2398376168224299,11,0.0177,False
2025-10-03,8046,南電,富邦總部,9600,2187,678,0.310,254.0,2025-10-07,0.0177,0.0295,-0.0039,False,國票敦北,1969.509,367.851,0.9005528120713306,0.16819890260631,1,0.0177,False
2025-10-07,2465,麗臺,國票安和,779Z,165,0,0.000,62.7,2025-10-08,0.0845,0.0989,0.0989,False,,165.05,4.0,1.0003030303030302,0.024242424242424242,2,0.0845,False
2025-10-08,5289,宜鼎,國票敦北,779c,314,2,0.006,368.5,2025-10-09,0.0204,0.0991,0.0991,False,凱基城中|富邦總部,252.519,10.869,0.8042006369426752,0.034614649681528664,3,0.0204,False
2025-10-08,5289,宜鼎,凱基城中,9227,301,6,0.020,368.5,2025-10-09,0.0204,0.0991,0.0991,False,國票敦北|富邦總部,309.39,2.05,1.027873754152824,0.00681063122923588,1,0.0204,False
2025-10-08,5289,宜鼎,富邦總部,9600,360,16,0.044,368.5,2025-10-09,0.0204,0.0991,0.0991,False,凱基城中|國票敦北,115.01,494.0,0.3194722222222222,1.3722222222222222,,0.0204,False
2025-10-09,2399,映泰,凱基城中,9227,1043,560,0.537,23.15,2025-10-13,-0.0475,-0.0475,-0.0583,False,統一城中,497.715,10.1,0.47719558964525405,0.009683604985618408,4,-0.0475,False
2025-10-09,2399,映泰,統一城中,5854,644,35,0.054,23.15,2025-10-13,-0.0475,-0.0475,-0.0583,False,凱基城中,612.0,2.0,0.9503105590062112,0.003105590062111801,2,-0.0475,False
2025-10-09,3189,景碩,國票敦北,779c,1408,3,0.002,137.5,2025-10-13,-0.0473,-0.0218,-0.0291,False,國票安和|富邦總部,1355.452,253.0,0.9626789772727272,0.1796875,2,-0.0473,False
2025-10-09,3189,景碩,國票安和,779Z,1366,8,0.006,137.5,2025-10-13,-0.0473,-0.0218,-0.0291,False,國票敦北|富邦總部,1279.001,190.001,0.9363111273792094,0.13909297218155198,3,-0.0473,False
2025-10-09,3189,景碩,富邦總部,9600,3161,1519,0.481,137.5,2025-10-13,-0.0473,-0.0218,-0.0291,False,國票敦北|國票安和,2504.0,2791.165,0.7921543815248339,0.8830006327111674,,-0.0473,False
2025-10-09,4989,榮科,國票敦北,779c,503,11,0.021,39.1,2025-10-13,-0.0448,0.0972,0.0652,False,國票安和,525.036,42.007,1.0438091451292246,0.08351292246520875,7,-0.0448,False
2025-10-09,4989,榮科,國票安和,779Z,547,36,0.066,39.1,2025-10-13,-0.0448,0.0972,0.0652,False,國票敦北,590.0,42.001,1.0786106032906764,0.07678427787934186,5,-0.0448,False
2025-10-09,5475,德宏,富邦總部,9600,301,0,0.000,68.4,2025-10-13,-0.0716,-0.0146,-0.0205,False,,300.0,4.0,0.9966777408637874,0.013289036544850499,2,-0.0716,False
2025-10-13,2312,金寶,統一城中,5854,1446,6,0.004,22.05,2025-10-14,0.0204,0.0748,-0.0113,False,富邦總部,1576.0,269.0,1.0899031811894881,0.18603042876901799,7,0.0204,False
2025-10-13,2312,金寶,富邦總部,9600,2180,183,0.084,22.05,2025-10-14,0.0204,0.0748,-0.0113,False,統一城中,2044.711,239.632,0.9379408256880734,0.10992293577981652,4,0.0204,False
2025-10-14,2612,中航,凱基城中,9227,475,22,0.046,55.2,2025-10-15,-0.0199,0.0725,0.0362,False,,477.0,9.0,1.0042105263157894,0.018947368421052633,1,-0.0199,False
2025-10-14,2615,萬海,國票敦北,779c,1192,9,0.008,83.8,2025-10-15,-0.0346,-0.0155,-0.0394,False,凱基城中|統一城中,1165.887,15.0,0.9780931208053691,0.012583892617449664,3,-0.0346,False
2025-10-14,2615,萬海,凱基城中,9227,899,71,0.079,83.8,2025-10-15,-0.0346,-0.0155,-0.0394,False,統一城中|國票敦北,849.0,45.0,0.9443826473859844,0.05005561735261402,6,-0.0346,False
2025-10-14,2615,萬海,統一城中,5854,868,29,0.033,83.8,2025-10-15,-0.0346,-0.0155,-0.0394,False,凱基城中|國票敦北,846.001,13.2,0.974655529953917,0.015207373271889401,4,-0.0346,False
2025-10-14,3041,揚智,凱基城中,9227,878,0,0.000,30.25,2025-10-15,0.0248,0.0364,-0.0446,False,富邦總部,853.0,14.0,0.9715261958997722,0.015945330296127564,1,0.0248,False
2025-10-14,3041,揚智,富邦總部,9600,151,0,0.000,30.25,2025-10-15,0.0248,0.0364,-0.0446,False,凱基城中,152.0,3.002,1.0066225165562914,0.019880794701986754,3,0.0248,False
2025-10-15,2233,宇隆,國票敦北,779c,151,73,0.483,214.5,2025-10-16,0.0350,0.0979,0.0653,False,,105.226,0.495,0.6968609271523178,0.0032781456953642385,5,0.035,False
2025-10-15,2481,強茂,國票敦北,779c,2635,59,0.023,84.8,2025-10-16,0.0236,0.0896,0.0106,False,富邦總部,2741.823,671.116,1.0405400379506642,0.25469297912713473,2,0.0236,False
2025-10-15,2481,強茂,富邦總部,9600,2316,119,0.052,84.8,2025-10-16,0.0236,0.0896,0.0106,False,國票敦北,2307.19,730.875,0.9961960276338515,0.31557642487046633,3,0.0236,False
2025-10-15,5425,台半,凱基城中,9227,371,47,0.126,57.3,2025-10-16,0.0332,0.0576,-0.0140,False,,364.0,17.0,0.9811320754716981,0.04582210242587601,4,0.0332,False
2025-10-15,5536,聖暉*,國票敦北,779c,89,5,0.058,880.0,2025-10-16,0.0182,0.0511,-0.0057,False,富邦總部,22.845,0.0,0.256685393258427,0.0,9,0.0182,False
2025-10-15,5536,聖暉*,富邦總部,9600,102,6,0.059,880.0,2025-10-16,0.0182,0.0511,-0.0057,False,國票敦北,103.519,277.522,1.0148921568627451,2.7208039215686273,,0.0182,False
2025-10-15,6139,亞翔,富邦總部,9600,1173,208,0.178,451.0,2025-10-16,0.0166,0.0388,0.0067,False,,306.83,125.738,0.2615771526001705,0.10719352088661552,4,0.0166,False
2025-10-15,6217,中探針,富邦總部,9600,1658,275,0.166,56.1,2025-10-16,0.0570,0.0570,0.0214,False,,1718.025,345.05,1.0362032569360675,0.20811218335343787,2,0.057,False
2025-10-15,8046,南電,富邦總部,9600,2132,411,0.193,281.5,2025-10-16,0.0178,0.0622,0.0000,False,,1253.944,363.774,0.5881538461538461,0.17062570356472795,4,0.0178,False
2025-10-17,3543,州巧,富邦總部,9600,1967,0,0.000,40.15,2025-10-20,0.0436,0.0996,0.0996,True,,1385.0,1896.002,0.7041179461108287,0.9639054397559735,,0.0436,True
2025-10-17,3704,合勤控,凱基城中,9227,2941,18,0.006,35.75,2025-10-20,0.0182,0.0266,-0.0098,False,,3559.999,915.0,1.2104722883373003,0.3111186671200272,1,0.0182,False
2025-10-17,8047,星雲,富邦總部,9600,21,0,0.000,39.65,2025-10-20,0.0996,0.0996,0.0996,True,,54.0,0.0,2.5714285714285716,0.0,4,0.0996,True
2025-10-17,8088,品安,國票敦北,779c,897,28,0.032,46.9,2025-10-20,0.0384,0.0981,0.0480,False,,9.825,3.5,0.010953177257525084,0.0039018952062430325,,0.0384,False
2025-10-17,8103,瀚荃,富邦總部,9600,1381,901,0.652,69.5,2025-10-20,0.0935,0.0993,0.0849,False,,782.0,206.0,0.5662563359884142,0.1491672700941347,1,0.0935,False
2025-10-20,3026,禾伸堂,國票安和,779Z,626,3,0.005,115.5,2025-10-21,0.0043,0.0303,-0.0173,False,統一城中,635.0,23.001,1.0143769968051117,0.036742811501597444,2,0.0043,False
2025-10-20,3026,禾伸堂,統一城中,5854,236,7,0.030,115.5,2025-10-21,0.0043,0.0303,-0.0173,False,國票安和,239.0,4.01,1.0127118644067796,0.016991525423728813,7,0.0043,False
2025-10-20,3163,波若威,富邦總部,9600,3017,1919,0.636,231.0,2025-10-21,0.0087,0.0346,-0.0087,False,,1152.24,54.14,0.38191581040768974,0.01794497845541929,1,0.0087,False
2025-10-20,3543,州巧,富邦總部,9600,1896,1385,0.730,44.15,2025-10-21,0.0193,0.0589,-0.0125,False,,1969.0,345.0,1.0385021097046414,0.1819620253164557,1,0.0193,False
2025-10-20,4764,雙鍵,國票安和,779Z,10,0,0.000,54.1,2025-10-21,0.0998,0.0998,0.0998,True,凱基城中,10.0,0.0,1.0,0.0,11,0.0998,True
2025-10-20,4764,雙鍵,凱基城中,9227,47,0,0.000,54.1,2025-10-21,0.0998,0.0998,0.0998,True,國票安和,69.0,4.0,1.4680851063829787,0.0851063829787234,3,0.0998,True
2025-10-20,6173,信昌電,國票敦北,779c,1154,22,0.019,59.6,2025-10-21,0.0503,0.0755,0.0101,False,統一城中,1159.121,15.0,1.0044376083188908,0.012998266897746967,3,0.0503,False
2025-10-20,6173,信昌電,統一城中,5854,1267,63,0.050,59.6,2025-10-21,0.0503,0.0755,0.0101,False,國票敦北,1260.0,179.0,0.994475138121547,0.14127861089187055,4,0.0503,False
2025-10-20,6175,立敦,國票敦北,779c,637,3,0.005,44.75,2025-10-21,0.0201,0.0279,-0.0235,False,統一城中|富邦總部,636.209,10.0,0.9987582417582418,0.015698587127158554,2,0.0201,False
2025-10-20,6175,立敦,統一城中,5854,327,10,0.031,44.75,2025-10-21,0.0201,0.0279,-0.0235,False,國票敦北|富邦總部,402.0,31.0,1.2293577981651376,0.09480122324159021,4,0.0201,False
2025-10-20,6175,立敦,富邦總部,9600,1000,703,0.703,44.75,2025-10-21,0.0201,0.0279,-0.0235,False,統一城中|國票敦北,305.496,5.0,0.305496,0.005,5,0.0201,False
2025-10-20,8043,蜜望實,凱基城中,9227,708,370,0.523,47.45,2025-10-21,0.0453,0.0980,0.0980,False,,756.0,42.998,1.0677966101694916,0.0607316384180791,1,0.0453,False
2025-10-20,8110,華東,國票敦北,779c,5285,50,0.009,25.35,2025-10-21,0.0237,0.0454,-0.0296,False,統一城中|國票安和,3572.997,57.0,0.6760637653736992,0.010785241248817409,1,0.0237,False
2025-10-20,8110,華東,國票安和,779Z,5024,44,0.009,25.35,2025-10-21,0.0237,0.0454,-0.0296,False,統一城中|國票敦北,2748.0,6.002,0.5469745222929936,0.0011946656050955413,3,0.0237,False
2025-10-20,8110,華東,統一城中,5854,2438,48,0.020,25.35,2025-10-21,0.0237,0.0454,-0.0296,False,國票敦北|國票安和,2077.0,1117.0,0.8519278096800657,0.4581624282198523,8,0.0237,False
2025-10-21,4958,臻鼎-KY,國票安和,779Z,818,17,0.021,165.0,2025-10-22,0.0000,0.0000,-0.0182,False,,95.0,280.0,0.11613691931540342,0.3422982885085575,,0.0,False
2025-10-21,6127,九豪,國票敦北,779c,978,370,0.379,31.9,2025-10-22,-0.0078,0.0031,-0.0502,False,凱基城中,979.001,0.425,1.0010235173824131,0.000434560327198364,1,-0.0078,False
2025-10-21,6127,九豪,凱基城中,9227,579,18,0.031,31.9,2025-10-22,-0.0078,0.0031,-0.0502,False,國票敦北,594.0,22.0,1.0259067357512954,0.037996545768566495,5,-0.0078,False
2025-10-21,6182,合晶,富邦總部,9600,4696,0,0.000,35.8,2025-10-22,-0.0014,0.0419,-0.0391,False,,6115.78,1440.0,1.3023381601362862,0.30664395229982966,1,-0.0014,False
2025-10-21,6462,神盾,富邦總部,9600,1725,56,0.032,143.0,2025-10-22,0.0070,0.0105,-0.0105,False,,1366.4,39.001,0.7921159420289855,0.02260927536231884,1,0.007,False
2025-10-21,6805,富世達,國票安和,779Z,211,22,0.104,1320.0,2025-10-22,-0.0152,0.0341,0.0038,False,富邦總部,119.0,9.0,0.5639810426540285,0.04265402843601896,3,-0.0152,False
2025-10-21,6805,富世達,富邦總部,9600,305,106,0.348,1320.0,2025-10-22,-0.0152,0.0341,0.0038,False,國票安和,275.241,130.658,0.9024295081967213,0.4283868852459016,1,-0.0152,False
2025-10-22,4931,新盛力,凱基城中,9227,443,204,0.460,137.5,2025-10-23,0.0073,0.0364,-0.0109,False,,258.0,26.1,0.582392776523702,0.05891647855530474,6,0.0073,False
2025-10-22,6282,康舒,國票敦北,779c,7121,67,0.009,42.9,2025-10-23,0.0070,0.0256,-0.0385,False,國票安和,5378.082,26.0,0.7552425221176801,0.003651172588119646,1,0.007,False
2025-10-22,6282,康舒,國票安和,779Z,4423,63,0.014,42.9,2025-10-23,0.0070,0.0256,-0.0385,False,國票敦北,4188.0,72.07,0.9468686411937599,0.016294370336875422,2,0.007,False
2025-10-23,3693,營邦,凱基城中,9227,103,1,0.011,298.0,2025-10-27,0.0990,0.0990,0.0990,False,富邦總部,2.0,6.0,0.019417475728155338,0.05825242718446602,,0.099,False
2025-10-23,3693,營邦,富邦總部,9600,51,0,0.002,298.0,2025-10-27,0.0990,0.0990,0.0990,False,凱基城中,1.385,0.0,0.02715686274509804,0.0,,0.099,False
2025-10-27,2327,國巨*,國票敦北,779c,616,44,0.072,248.5,2025-10-28,-0.0060,-0.0020,-0.0101,False,,512.166,35.811,0.8314383116883117,0.05813474025974026,7,-0.006,False
2025-10-27,2867,三商壽,國票安和,779Z,8946,73,0.008,7.39,2025-10-28,-0.0744,-0.0081,-0.0298,False,,83.0,198.0,0.009277889559579701,0.022132796780684104,,-0.0744,False
2025-10-27,6284,佳邦,國票敦北,779c,519,11,0.021,84.9,2025-10-28,0.0024,0.0353,0.0259,False,,527.814,7.0,1.0169826589595377,0.01348747591522158,2,0.0024,False
2025-10-27,6411,晶焱,國票敦北,779c,415,1,0.002,98.0,2025-10-28,0.0020,0.0459,0.0255,False,國票安和,580.489,374.0,1.3987686746987953,0.9012048192771084,2,0.002,False
2025-10-27,6411,晶焱,國票安和,779Z,420,2,0.005,98.0,2025-10-28,0.0020,0.0459,0.0255,False,國票敦北,397.0,313.002,0.9452380952380952,0.7452428571428571,5,0.002,False
2025-10-28,2337,旺宏,國票敦北,779c,10273,3051,0.297,36.45,2025-10-29,0.0425,0.0892,0.0562,False,國票安和|富邦總部,7935.631,273.485,0.7724745449235861,0.02662172685680911,3,0.0425,False
2025-10-28,2337,旺宏,國票安和,779Z,3226,428,0.133,36.45,2025-10-29,0.0425,0.0892,0.0562,False,國票敦北|富邦總部,3795.0,1042.005,1.176379417234966,0.3230021698698078,5,0.0425,False
2025-10-28,2337,旺宏,富邦總部,9600,33536,4326,0.129,36.45,2025-10-29,0.0425,0.0892,0.0562,False,國票敦北|國票安和,10741.0,2939.765,0.3202826812977099,0.08765997733778626,2,0.0425,False
2025-10-28,2351,順德,國票敦北,779c,809,24,0.030,94.8,2025-10-29,0.0127,0.0169,-0.0506,False,富邦總部,403.162,10.0,0.4983461063040791,0.012360939431396786,4,0.0127,False
2025-10-28,2351,順德,富邦總部,9600,459,4,0.009,94.8,2025-10-29,0.0127,0.0169,-0.0506,False,國票敦北,77.369,212.0,0.1685599128540305,0.46187363834422657,,0.0127,False
2025-10-28,4979,華星光,國票敦北,779c,1089,12,0.011,209.0,2025-10-29,0.0144,0.0383,0.0167,False,統一城中,1371.403,448.0,1.2593232323232324,0.411386593204775,1,0.0144,False
2025-10-28,4979,華星光,統一城中,5854,803,9,0.011,209.0,2025-10-29,0.0144,0.0383,0.0167,False,國票敦北,395.0,28.13,0.4919053549190536,0.03503113325031133,5,0.0144,False
2025-10-29,1784,訊聯,富邦總部,9600,450,0,0.000,99.4,2025-10-30,0.0000,0.0312,0.0040,False,,491.0,41.0,1.0911111111111111,0.09111111111111111,1,0.0,False
2025-10-29,2316,楠梓電,國票敦北,779c,1611,17,0.011,110.0,2025-10-30,-0.0136,-0.0091,-0.0636,False,國票安和,0.619,0.0,0.00038423339540657976,0.0,,-0.0136,False
2025-10-29,2316,楠梓電,國票安和,779Z,1160,17,0.015,110.0,2025-10-30,-0.0136,-0.0091,-0.0636,False,國票敦北,51.0,5.003,0.04396551724137931,0.0043129310344827585,16,-0.0136,False
2025-10-29,4438,廣越,國票安和,779Z,41,0,0.000,81.4,2025-10-30,0.0074,0.0258,0.0037,False,,0.0,20.0,0.0,0.4878048780487805,,0.0074,False
2025-10-29,5243,乙盛-KY,國票敦北,779c,770,1,0.002,87.0,2025-10-30,0.0575,0.0943,-0.0230,False,統一城中|國票安和,778.842,9.0,1.0114831168831169,0.011688311688311689,3,0.0575,False
2025-10-29,5243,乙盛-KY,國票安和,779Z,501,10,0.019,87.0,2025-10-30,0.0575,0.0943,-0.0230,False,統一城中|國票敦北,529.0,18.0,1.0558882235528941,0.03592814371257485,4,0.0575,False
2025-10-29,5243,乙盛-KY,統一城中,5854,360,28,0.079,87.0,2025-10-30,0.0575,0.0943,-0.0230,False,國票敦北|國票安和,367.0,41.0,1.0194444444444444,0.11388888888888889,8,0.0575,False
2025-10-30,3543,州巧,富邦總部,9600,1327,11,0.008,49.6,2025-10-31,0.0081,0.0101,-0.0323,False,,2588.0,1266.199,1.9502637528259232,0.9541816126601357,1,0.0081,False
2025-10-31,1514,亞力,國票敦北,779c,1339,7,0.005,110.5,2025-11-03,0.0407,0.0860,0.0543,False,,1722.876,400.73,1.2866885735623599,0.2992755787901419,2,0.0407,False
2025-10-31,5439,高技,國票敦北,779c,796,3,0.004,352.5,2025-11-03,0.0014,0.0284,0.0199,False,,790.52,94.0,0.9931155778894473,0.11809045226130653,1,0.0014,False
2025-11-03,4588,玖鼎電力,凱基城中,9227,180,153,0.850,71.8,2025-11-04,0.0292,0.0724,-0.0376,False,,180.002,2.02,1.0000111111111112,0.011222222222222222,1,0.0292,False
2025-11-03,7780,大研生醫*,富邦總部,9600,88,3,0.037,187.0,2025-11-04,0.0107,0.0294,-0.0134,False,,0.0,87.0,0.0,0.9886363636363636,,0.0107,False
2025-11-04,1608,華榮,凱基城中,9227,1024,14,0.014,38.65,2025-11-05,-0.0091,0.0841,0.0401,False,富邦總部,1169.484,22.15,1.14207421875,0.021630859375,3,-0.0091,False
2025-11-04,1608,華榮,富邦總部,9600,1271,205,0.162,38.65,2025-11-05,-0.0091,0.0841,0.0401,False,凱基城中,1301.999,36.312,1.0243894571203775,0.028569630212431158,2,-0.0091,False
2025-11-05,6751,智聯服務,凱基城中,9227,4,0,0.000,46.9,2025-11-06,0.0981,0.0981,0.0981,False,,0.0,10.0,0.0,2.5,,0.0981,False
2025-11-06,1718,中纖,凱基城中,9227,5289,0,0.000,6.94,2025-11-07,0.0620,0.0735,-0.0115,False,,5421.0,142.0,1.0249574588769144,0.026848175458498772,1,0.062,False
2025-11-06,8072,陞泰,凱基城中,9227,475,1,0.002,34.75,2025-11-07,0.0058,0.0158,-0.0878,False,,492.999,24.0,1.0378926315789474,0.05052631578947368,1,0.0058,False
2025-11-07,2451,創見,富邦總部,9600,925,366,0.396,148.5,2025-11-10,0.0976,0.0976,0.0976,False,,253.0,688.0,0.2735135135135135,0.7437837837837837,,0.0976,False
2025-11-07,3002,歐格,國票敦北,779c,1029,2,0.002,29.25,2025-11-10,0.0769,0.0906,-0.0906,False,,1034.002,7.001,1.0048610301263363,0.0068036929057337225,3,0.0769,False
2025-11-07,8088,品安,國票敦北,779c,1030,9,0.009,46.8,2025-11-10,0.0331,0.0577,0.0203,False,國票安和,1030.006,9.0,1.0000058252427184,0.008737864077669903,2,0.0331,False
2025-11-07,8088,品安,國票安和,779Z,482,17,0.035,46.8,2025-11-10,0.0331,0.0577,0.0203,False,國票敦北,494.025,124.001,1.024948132780083,0.2572634854771784,6,0.0331,False
2025-11-10,2344,華邦電,凱基城中,9227,1819,7,0.004,63.9,2025-11-11,0.0156,0.0344,0.0094,False,富邦總部,160.356,15.69,0.08815612974161627,0.00862561847168774,24,0.0156,False
2025-11-10,2344,華邦電,富邦總部,9600,889,40,0.045,63.9,2025-11-11,0.0156,0.0344,0.0094,False,凱基城中,1307.0,16.001,1.4701912260967378,0.017998875140607423,4,0.0156,False
2025-11-10,3379,彬台,凱基城中,9227,419,0,0.000,58.3,2025-11-11,0.0823,0.0840,0.0120,False,,419.999,2.0,1.0023842482100238,0.00477326968973747,1,0.0823,False
2025-11-10,5468,凱鈺,凱基城中,9227,175,3,0.017,18.75,2025-11-11,0.0987,0.0987,0.0987,False,,0.0,0.999,0.0,0.005708571428571428,,0.0987,False
2025-11-11,3236,千如,凱基城中,9227,800,5,0.006,24.3,2025-11-12,0.0391,0.0988,0.0638,False,,818.568,29.0,1.02321,0.03625,1,0.0391,False
2025-11-12,1802,台玻,國票安和,779Z,10853,107,0.010,35.25,2025-11-13,0.0170,0.0879,0.0227,False,凱基城中,15422.001,6600.501,1.4209896802727358,0.6081729475720998,2,0.017,False
2025-11-12,1802,台玻,凱基城中,9227,6397,226,0.035,35.25,2025-11-13,0.0170,0.0879,0.0227,False,國票安和,8779.0,580.101,1.372362044708457,0.09068328904173832,3,0.017,False
2025-11-12,1815,富喬,富邦總部,9600,6404,3980,0.621,91.3,2025-11-13,0.0241,0.0570,0.0110,False,,6934.528,918.55,1.082843222985634,0.14343379138038725,2,0.0241,False
2025-11-12,2201,裕隆,富邦總部,9600,1000,0,0.000,35.9,2025-11-13,0.0989,0.0989,0.0989,False,,20.0,0.0,0.02,0.0,,0.0989,False
2025-11-12,3057,喬鼎,統一城中,5854,40,0,0.000,15.4,2025-11-13,0.0390,0.0974,0.0974,False,,0.0,0.0,0.0,0.0,,0.039,False
2025-11-12,5340,建榮,富邦總部,9600,2601,2202,0.847,58.3,2025-11-13,0.0206,0.0995,0.0995,False,,1083.199,708.0,0.4164548250672818,0.2722029988465975,7,0.0206,False
2025-11-12,6118,建達,凱基城中,9227,91,0,0.000,20.4,2025-11-13,0.0539,0.0637,-0.0172,False,,91.0,0.0,1.0,0.0,6,0.0539,False
2025-11-13,3090,日電貿,凱基城中,9227,403,4,0.010,93.5,2025-11-14,-0.0043,0.0267,-0.0332,False,富邦總部,470.0,84.1,1.1662531017369726,0.2086848635235732,6,-0.0043,False
2025-11-13,3090,日電貿,富邦總部,9600,869,0,0.000,93.5,2025-11-14,-0.0043,0.0267,-0.0332,False,凱基城中,1349.0,507.175,1.5523590333716917,0.5836306098964327,3,-0.0043,False
2025-11-13,5274,信驊,國票敦北,779c,106,0,0.000,6335.0,2025-11-14,-0.0521,-0.0221,-0.0584,False,,0.0,0.0,0.0,0.0,,-0.0521,False
2025-11-13,6986,和迅,統一城中,5854,12,0,0.000,61.2,2025-11-14,-0.0335,-0.0229,-0.0261,False,,0.0,0.0,0.0,0.0,,-0.0335,False
2025-11-13,8043,蜜望實,富邦總部,9600,501,6,0.012,58.4,2025-11-14,0.0445,0.0993,0.0993,False,,406.23,4808.0,0.8108383233532934,9.596806387225548,,0.0445,False
2025-11-14,6155,鈞寶,富邦總部,9600,912,25,0.027,37.4,2025-11-17,0.0548,0.0789,-0.0401,False,,723.0,22.052,0.7927631578947368,0.02417982456140351,2,0.0548,False
2025-11-14,6741,91APP*-KY,凱基城中,9227,451,0,0.000,79.2,2025-11-17,0.0896,0.0896,-0.0581,False,,466.0,21.026,1.033259423503326,0.04662084257206208,1,0.0896,False
2025-11-17,6163,華電網,國票敦北,779c,851,5,0.006,31.35,2025-11-18,0.0478,0.0494,-0.0207,False,統一城中|國票安和,927.0,4.0,1.0893066980023502,0.004700352526439483,2,0.0478,False
2025-11-17,6163,華電網,國票安和,779Z,1060,39,0.037,31.35,2025-11-18,0.0478,0.0494,-0.0207,False,統一城中|國票敦北,1054.0,29.0,0.9943396226415094,0.027358490566037737,1,0.0478,False
2025-11-17,6163,華電網,統一城中,5854,603,4,0.007,31.35,2025-11-18,0.0478,0.0494,-0.0207,False,國票敦北|國票安和,1233.0,637.0,2.044776119402985,1.056384742951907,3,0.0478,False
2025-11-17,6584,南俊國際,富邦總部,9600,383,220,0.575,347.5,2025-11-18,0.0072,0.0978,0.0576,False,,177.2,89.0,0.4626631853785901,0.23237597911227154,4,0.0072,False
2025-11-19,3624,光頡,國票敦北,779c,1182,687,0.581,52.3,2025-11-20,0.0631,0.0822,-0.0344,False,統一城中,506.083,14.0,0.42815820642978003,0.011844331641285956,4,0.0631,False
2025-11-19,3624,光頡,統一城中,5854,480,1,0.002,52.3,2025-11-20,0.0631,0.0822,-0.0344,False,國票敦北,514.0,36.0,1.0708333333333333,0.075,5,0.0631,False
2025-11-20,1802,台玻,富邦總部,9600,10336,6702,0.648,34.25,2025-11-21,-0.0511,-0.0394,-0.0526,False,,4299.765,288.318,0.41599893575851393,0.027894543343653252,2,-0.0511,False
2025-11-20,6442,光聖,富邦總部,9600,424,104,0.245,1105.0,2025-11-21,-0.0452,0.0362,0.0136,False,,344.11,181.005,0.8115801886792453,0.42689858490566035,1,-0.0452,False
2025-11-21,8043,蜜望實,國票安和,779Z,1882,12,0.006,80.5,2025-11-24,0.0994,0.0994,0.0484,False,,43.002,106.002,0.022849096705632305,0.05632412327311371,,0.0994,False
2025-11-24,1419,新紡,統一城中,5854,451,4,0.009,74.0,2025-11-25,-0.0068,0.0446,-0.0189,False,,164.0,171.0,0.36363636363636365,0.37915742793791574,,-0.0068,False
2025-11-25,2368,金像電,統一城中,5854,1070,493,0.461,594.0,2025-11-26,0.0101,0.0337,0.0269,False,富邦總部,963.223,13.0,0.9002084112149533,0.012149532710280374,2,0.0101,False
2025-11-25,2368,金像電,富邦總部,9600,1991,1253,0.629,594.0,2025-11-26,0.0101,0.0337,0.0269,False,統一城中,1329.85,864.949,0.667930688096434,0.434429432446007,3,0.0101,False
2025-11-25,2413,環科,凱基城中,9227,1067,29,0.027,28.65,2025-11-26,0.0349,0.0681,-0.0716,False,,1121.994,84.0,1.0515407685098406,0.07872539831302718,1,0.0349,False
2025-11-25,3450,聯鈞,富邦總部,9600,420,16,0.038,236.5,2025-11-26,0.0233,0.0655,0.0233,False,,494.929,103.013,1.178402380952381,0.2452690476190476,3,0.0233,False
2025-11-25,4939,亞電,國票敦北,779c,1073,35,0.033,30.85,2025-11-26,0.0551,0.0746,-0.0859,False,統一城中,1242.001,302.0,1.1575032618825722,0.2814538676607642,3,0.0551,False
2025-11-25,4939,亞電,統一城中,5854,1264,3,0.002,30.85,2025-11-26,0.0551,0.0746,-0.0859,False,國票敦北,1267.0,52.0,1.0023734177215189,0.04113924050632911,2,0.0551,False
2025-11-25,5498,凱崴,富邦總部,9600,3509,2290,0.653,28.7,2025-11-26,0.0557,0.0889,-0.0732,False,,1375.702,190.01,0.3920495867768595,0.05414933029353092,6,0.0557,False
2025-11-26,4916,事欣科,國票敦北,779c,891,42,0.047,50.6,2025-11-27,0.0356,0.0395,-0.0632,False,國票安和,852.0,19.001,0.9562289562289562,0.02132547699214366,2,0.0356,False
2025-11-26,4916,事欣科,國票安和,779Z,280,2,0.007,50.6,2025-11-27,0.0356,0.0395,-0.0632,False,國票敦北,285.0,9.0,1.0178571428571428,0.03214285714285714,11,0.0356,False
2025-11-26,6831,邁科,富邦總部,9600,163,3,0.017,229.5,2025-11-27,-0.0218,-0.0087,-0.0414,False,,12.106,94.01,0.07426993865030675,0.5767484662576687,,-0.0218,False
2025-11-26,8033,雷虎,凱基城中,9227,810,22,0.027,143.5,2025-11-27,0.0488,0.0557,-0.0139,False,富邦總部,886.439,195.0,1.0943691358024692,0.24074074074074073,3,0.0488,False
2025-11-26,8033,雷虎,富邦總部,9600,1286,58,0.045,143.5,2025-11-27,0.0488,0.0557,-0.0139,False,凱基城中,1267.0,328.02,0.9852255054432348,0.25506998444790047,1,0.0488,False
2025-11-26,8047,星雲,富邦總部,9600,190,0,0.000,45.65,2025-11-27,0.0471,0.0997,0.0997,True,,0.0,251.0,0.0,1.3210526315789475,,0.0471,True
2025-11-27,1303,南亞,富邦總部,9600,20782,4461,0.215,56.2,2025-11-28,0.0285,0.0836,0.0498,False,,5034.947,1894.947,0.2422744201713021,0.09118212876527765,5,0.0285,False
2025-11-27,2485,兆赫,國票敦北,779c,1731,24,0.014,21.5,2025-11-28,0.0047,0.1000,0.1000,True,統一城中|國票安和,80.008,1000.0,0.04622068168688619,0.5777007510109763,,0.0047,True
2025-11-27,2485,兆赫,國票安和,779Z,877,42,0.048,21.5,2025-11-28,0.0047,0.1000,0.1000,True,統一城中|國票敦北,10.0,964.0,0.011402508551881414,1.0992018244013684,,0.0047,True
2025-11-27,2485,兆赫,統一城中,5854,1244,15,0.012,21.5,2025-11-28,0.0047,0.1000,0.1000,True,國票敦北|國票安和,1303.0,2709.7,1.047427652733119,2.1782154340836013,,0.0047,True
2025-11-27,8039,台虹,凱基城中,9227,3228,314,0.097,71.5,2025-11-28,0.0210,0.0993,0.0993,False,,3065.0,189.0,0.9495043370508055,0.05855018587360595,1,0.021,False
2025-11-27,8047,星雲,富邦總部,9600,251,0,0.000,50.2,2025-11-28,0.0359,0.0956,0.0956,False,,4.0,85.0,0.01593625498007968,0.3386454183266932,,0.0359,False
2025-11-28,2485,兆赫,國票安和,779Z,964,10,0.010,23.65,2025-12-01,0.0063,0.0909,-0.0381,False,統一城中,1834.0,17.051,1.9024896265560165,0.017687759336099586,6,0.0063,False
2025-11-28,2485,兆赫,統一城中,5854,2710,1303,0.481,23.65,2025-12-01,0.0063,0.0909,-0.0381,False,國票安和,2957.5,385.05,1.0913284132841328,0.1420848708487085,4,0.0063,False
2025-11-28,3025,星通,凱基城中,9227,879,1,0.001,51.2,2025-12-01,0.0937,0.0937,0.0508,False,,885.003,9.15,1.0068293515358362,0.010409556313993174,1,0.0937,False
2025-11-28,3105,穩懋,富邦總部,9600,1907,402,0.211,143.0,2025-12-01,0.0140,0.0280,-0.0140,False,,1727.776,388.311,0.9060178290508653,0.20362401678028316,3,0.014,False
2025-11-28,4931,新盛力,國票安和,779Z,502,32,0.064,159.5,2025-12-01,0.0063,0.0752,0.0439,False,凱基城中|富邦總部,621.0,62.021,1.2370517928286853,0.12354780876494025,4,0.0063,False
2025-11-28,4931,新盛力,凱基城中,9227,811,12,0.015,159.5,2025-12-01,0.0063,0.0752,0.0439,False,國票安和|富邦總部,828.193,76.0,1.0211997533908754,0.093711467324291,3,0.0063,False
2025-11-28,4931,新盛力,富邦總部,9600,1111,18,0.016,159.5,2025-12-01,0.0063,0.0752,0.0439,False,凱基城中|國票安和,1046.0,35.521,0.9414941494149415,0.031972097209720975,1,0.0063,False
2025-11-28,5274,信驊,富邦總部,9600,24,5,0.209,7315.0,2025-12-01,-0.0021,-0.0021,-0.0547,False,,24.229,87.02,1.0095416666666666,3.6258333333333335,,-0.0021,False
2025-11-28,7751,竑騰,富邦總部,9600,10,0,0.000,486.0,2025-12-01,0.0473,0.0988,0.0885,False,,0.0,0.001,0.0,0.0001,,0.0473,False
2025-11-28,8042,金山電,富邦總部,9600,2411,24,0.010,57.2,2025-12-01,0.0297,0.0402,-0.0210,False,,1782.0,98.0,0.7391124014931564,0.040647034425549566,1,0.0297,False
2025-12-01,3002,歐格,國票敦北,779c,680,0,0.000,28.7,2025-12-02,-0.0192,0.0767,0.0000,False,國票安和,681.0,0.0,1.0014705882352941,0.0,1,-0.0192,False
2025-12-01,3002,歐格,國票安和,779Z,602,5,0.008,28.7,2025-12-02,-0.0192,0.0767,0.0000,False,國票敦北,611.0,8.005,1.0149501661129567,0.01329734219269103,2,-0.0192,False
2025-12-01,3535,晶彩科,國票敦北,779c,855,9,0.011,91.6,2025-12-02,-0.0033,-0.0022,-0.0197,False,統一城中|國票安和,13.0,3.0,0.0152046783625731,0.0035087719298245615,,-0.0033,False
2025-12-01,3535,晶彩科,國票安和,779Z,499,24,0.048,91.6,2025-12-02,-0.0033,-0.0022,-0.0197,False,統一城中|國票敦北,11.0,11.002,0.022044088176352707,0.02204809619238477,,-0.0033,False
2025-12-01,3535,晶彩科,統一城中,5854,370,0,0.001,91.6,2025-12-02,-0.0033,-0.0022,-0.0197,False,國票敦北|國票安和,7.0,6.1,0.01891891891891892,0.016486486486486488,,-0.0033,False
2025-12-01,4764,雙鍵,凱基城中,9227,168,0,0.000,66.1,2025-12-02,0.0393,0.0998,0.0938,False,,171.0,22.0,1.0178571428571428,0.13095238095238096,1,0.0393,False
2025-12-01,4939,亞電,國票敦北,779c,697,9,0.013,35.3,2025-12-02,0.0198,0.0992,0.0992,False,統一城中|富邦總部,696.0,1361.0,0.9985652797704447,1.9526542324246772,,0.0198,False
2025-12-01,4939,亞電,統一城中,5854,1033,52,0.050,35.3,2025-12-02,0.0198,0.0992,0.0992,False,國票敦北|富邦總部,992.0,1369.0,0.9603097773475314,1.3252662149080348,,0.0198,False
2025-12-01,4939,亞電,富邦總部,9600,658,57,0.087,35.3,2025-12-02,0.0198,0.0992,0.0992,False,統一城中|國票敦北,741.0,308.5,1.1261398176291793,0.4688449848024316,2,0.0198,False
2025-12-01,6163,華電網,富邦總部,9600,1213,0,0.000,40.15,2025-12-02,0.0996,0.0996,0.0996,True,,9316.0,9733.0,7.680131904369333,8.023907666941467,,0.0996,True
2025-12-02,3454,晶睿,富邦總部,9600,14,0,0.000,93.6,2025-12-03,0.0951,0.0951,0.0588,False,,17.603,1.221,1.2573571428571428,0.08721428571428572,39,0.0951,False
2025-12-02,5340,建榮,凱基城中,9227,322,26,0.081,67.1,2025-12-03,0.0164,0.0328,-0.0387,False,富邦總部,347.7,61.0,1.0798136645962733,0.18944099378881987,10,0.0164,False
2025-12-02,5340,建榮,富邦總部,9600,1316,34,0.026,67.1,2025-12-03,0.0164,0.0328,-0.0387,False,凱基城中,1372.026,427.008,1.0425729483282675,0.3244741641337386,3,0.0164,False
2025-12-02,6163,華電網,富邦總部,9600,9733,9316,0.957,44.15,2025-12-03,-0.0057,0.0940,0.0578,False,,3422.0,599.0,0.35158738312955923,0.06154320353436762,1,-0.0057,False
2025-12-02,6923,中台,國票安和,779Z,253,12,0.047,110.5,2025-12-03,-0.0136,0.0543,-0.0271,False,,239.0,1.0,0.9446640316205533,0.003952569169960474,2,-0.0136,False
2025-12-03,2349,錸德,富邦總部,9600,998,0,0.000,9.9,2025-12-04,0.0909,0.0960,0.0960,False,,1001.1,2996.0,1.0031062124248498,3.002004008016032,,0.0909,False
2025-12-03,3229,晟鈦,國票安和,779Z,30,0,0.000,18.15,2025-12-04,0.0744,0.0992,0.0992,False,,30.0,0.0,1.0,0.0,5,0.0744,False
2025-12-03,3363,上詮,凱基城中,9227,379,116,0.306,418.0,2025-12-04,0.0108,0.0191,-0.0275,False,統一城中,252.4,11.32,0.6659630606860159,0.029868073878627967,5,0.0108,False
2025-12-03,3363,上詮,統一城中,5854,466,8,0.017,418.0,2025-12-04,0.0108,0.0191,-0.0275,False,凱基城中,466.3,12.065,1.0006437768240344,0.025890557939914162,1,0.0108,False
2025-12-03,6127,九豪,國票敦北,779c,598,2,0.004,29.8,2025-12-04,0.0084,0.0638,-0.0319,False,統一城中|國票安和,649.0,50.0,1.085284280936455,0.08361204013377926,2,0.0084,False
2025-12-03,6127,九豪,國票安和,779Z,528,2,0.004,29.8,2025-12-04,0.0084,0.0638,-0.0319,False,統一城中|國票敦北,533.0,22.0,1.009469696969697,0.041666666666666664,5,0.0084,False
2025-12-03,6127,九豪,統一城中,5854,600,5,0.009,29.8,2025-12-04,0.0084,0.0638,-0.0319,False,國票敦北|國票安和,597.0,11.0,0.995,0.018333333333333333,3,0.0084,False
2025-12-03,8042,金山電,國票敦北,779c,966,0,0.000,59.6,2025-12-04,0.0419,0.0671,-0.0285,False,凱基城中|統一城中,970.0,8.0,1.0041407867494825,0.008281573498964804,2,0.0419,False
2025-12-03,8042,金山電,凱基城中,9227,797,22,0.028,59.6,2025-12-04,0.0419,0.0671,-0.0285,False,統一城中|國票敦北,824.002,45.0,1.033879548306148,0.056461731493099125,5,0.0419,False
2025-12-03,8042,金山電,統一城中,5854,934,20,0.021,59.6,2025-12-04,0.0419,0.0671,-0.0285,False,凱基城中|國票敦北,952.5,54.0,1.0198072805139187,0.057815845824411134,4,0.0419,False
2025-12-03,8111,立碁,國票敦北,779c,851,11,0.013,74.9,2025-12-04,0.0294,0.0908,-0.0561,False,統一城中|國票安和,1265.001,418.0,1.486487661574618,0.491186839012926,3,0.0294,False
2025-12-03,8111,立碁,國票安和,779Z,758,25,0.033,74.9,2025-12-04,0.0294,0.0908,-0.0561,False,統一城中|國票敦北,787.005,69.005,1.0382651715039577,0.09103562005277045,5,0.0294,False
2025-12-03,8111,立碁,統一城中,5854,859,10,0.012,74.9,2025-12-04,0.0294,0.0908,-0.0561,False,國票敦北|國票安和,1056.686,212.0,1.2301350407450524,0.2467986030267753,4,0.0294,False
2025-12-04,2365,昆盈,凱基城中,9227,401,2,0.005,37.0,2025-12-05,0.0324,0.0973,0.0446,False,,512.0,156.0,1.2768079800498753,0.38902743142144636,5,0.0324,False
2025-12-04,2606,裕民,統一城中,5854,1020,8,0.008,69.6,2025-12-05,-0.0474,-0.0302,-0.0920,False,富邦總部,1048.0,50.137,1.0274509803921568,0.049153921568627454,6,-0.0474,False
2025-12-04,2606,裕民,富邦總部,9600,2508,2,0.001,69.6,2025-12-05,-0.0474,-0.0302,-0.0920,False,統一城中,3619.941,225.271,1.4433576555023924,0.08982097288676236,1,-0.0474,False
2025-12-05,3167,大量,富邦總部,9600,1058,64,0.061,221.0,2025-12-08,0.0045,0.0136,-0.0113,False,,810.0,56.21,0.7655954631379962,0.053128544423440456,1,0.0045,False
2025-12-08,2467,志聖,國票敦北,779c,450,3,0.007,226.5,2025-12-09,0.0000,0.0309,-0.0066,False,,452.0,1.0,1.0044444444444445,0.0022222222222222222,1,0.0,False
2025-12-08,3535,晶彩科,凱基城中,9227,454,4,0.009,97.9,2025-12-09,-0.0112,0.0368,-0.0807,False,統一城中,514.0,69.0,1.13215859030837,0.15198237885462554,8,-0.0112,False
2025-12-08,3535,晶彩科,統一城中,5854,495,6,0.012,97.9,2025-12-09,-0.0112,0.0368,-0.0807,False,凱基城中,742.073,234.0,1.4991373737373737,0.4727272727272727,5,-0.0112,False
2025-12-08,6104,創惟,富邦總部,9600,71,0,0.000,97.9,2025-12-09,0.0215,0.0725,0.0725,False,,71.0,220.0,1.0,3.0985915492957745,,0.0215,False
2025-12-08,8110,華東,凱基城中,9227,1301,114,0.088,43.55,2025-12-09,0.0540,0.0999,0.0999,True,富邦總部,1288.0,1346.35,0.9900076863950807,1.0348578016910068,,0.054,True
2025-12-08,8110,華東,富邦總部,9600,10194,661,0.065,43.55,2025-12-09,0.0540,0.0999,0.0999,True,凱基城中,11490.405,2543.04,1.1271733372572101,0.24946439081812832,2,0.054,True
2025-12-09,2485,兆赫,國票敦北,779c,2779,2127,0.765,27.55,2025-12-10,-0.0381,0.0563,-0.0617,False,統一城中,3025.388,938.0,1.0886606693055056,0.33753148614609574,5,-0.0381,False
2025-12-09,2485,兆赫,統一城中,5854,3347,1666,0.498,27.55,2025-12-10,-0.0381,0.0563,-0.0617,False,國票敦北,6541.0,3959.2,1.9542874215715567,1.1829100687182552,4,-0.0381,False
2025-12-09,4764,雙鍵,國票安和,779Z,70,0,0.000,81.7,2025-12-10,0.0024,0.0991,0.0955,False,,93.0,111.0,1.3285714285714285,1.5857142857142856,,0.0024,False
2025-12-09,4903,聯光通,國票敦北,779c,495,1,0.002,46.75,2025-12-10,0.0267,0.0374,0.0246,False,統一城中|國票安和,497.0,8.0,1.004040404040404,0.01616161616161616,3,0.0267,False
2025-12-09,4903,聯光通,國票安和,779Z,278,10,0.036,46.75,2025-12-10,0.0267,0.0374,0.0246,False,統一城中|國票敦北,274.0,13.0,0.9856115107913669,0.046762589928057555,8,0.0267,False
2025-12-09,4903,聯光通,統一城中,5854,512,19,0.037,46.75,2025-12-10,0.0267,0.0374,0.0246,False,國票敦北|國票安和,525.0,44.0,1.025390625,0.0859375,4,0.0267,False
2025-12-09,4989,榮科,凱基城中,9227,860,27,0.031,45.85,2025-12-10,0.0131,0.0142,-0.0480,False,,924.109,90.0,1.0745453488372092,0.10465116279069768,6,0.0131,False
2025-12-09,8103,瀚荃,凱基城中,9227,822,1,0.001,91.7,2025-12-10,-0.0076,-0.0076,-0.0665,False,,906.0,105.0,1.102189781021898,0.12773722627737227,1,-0.0076,False
2025-12-09,8110,華東,國票敦北,779c,4519,175,0.039,47.9,2025-12-10,0.0438,0.0793,0.0282,False,國票安和,4488.125,61.01,0.9931677362248285,0.013500774507634433,1,0.0438,False
2025-12-09,8110,華東,國票安和,779Z,2026,27,0.013,47.9,2025-12-10,0.0438,0.0793,0.0282,False,國票敦北,2029.0,28.403,1.0014807502467917,0.014019249753208292,5,0.0438,False
2025-12-10,2402,毅嘉,國票安和,779Z,1523,8,0.005,67.1,2025-12-11,0.0134,0.0224,-0.0641,False,,1993.0,5.0,1.3086014445174,0.003282994090610637,2,0.0134,False
2025-12-10,6148,驊宏資,凱基城中,9227,607,0,0.000,44.0,2025-12-11,0.0227,0.0364,-0.0659,False,統一城中,608.673,12.0,1.0027561779242176,0.019769357495881382,1,0.0227,False
2025-12-10,6148,驊宏資,統一城中,5854,10,1,0.100,44.0,2025-12-11,0.0227,0.0364,-0.0659,False,凱基城中,1.0,11.0,0.1,1.1,,0.0227,False
2025-12-10,6443,元晶,凱基城中,9227,11776,575,0.049,16.5,2025-12-11,0.0576,0.0667,0.0606,False,,12873.819,540.0,1.0932251188858695,0.04585597826086957,1,0.0576,False
2025-12-10,6664,群翊,國票敦北,779c,225,0,0.000,309.0,2025-12-11,0.0227,0.0469,0.0243,False,,194.259,0.0,0.8633733333333333,0.0,1,0.0227,False
2025-12-11,2467,志聖,凱基城中,9227,343,18,0.052,243.0,2025-12-12,-0.0123,0.0103,0.0062,False,,5.0,23.0,0.014577259475218658,0.06705539358600583,,-0.0123,False
2025-12-12,4157,太景*-KY,凱基城中,9227,3295,0,0.000,12.65,2025-12-15,0.0988,0.0988,0.0988,False,,50.0,2680.728,0.015174506828528073,0.813574506828528,,0.0988,False
2025-12-12,6443,元晶,富邦總部,9600,6425,1608,0.250,19.25,2025-12-15,0.0468,0.0987,0.0987,False,,5155.403,411.0,0.8023973540856031,0.06396887159533074,1,0.0468,False
2025-12-15,2349,錸德,富邦總部,9600,4106,3335,0.812,15.45,2025-12-16,0.0291,0.0939,0.0485,False,,4116.0,241.162,1.0024354603019971,0.058734047735021916,1,0.0291,False
2025-12-15,3229,晟鈦,凱基城中,9227,45,0,0.000,26.4,2025-12-16,-0.0152,0.0985,0.0985,False,,45.0,0.0,1.0,0.0,2,-0.0152,False
2025-12-15,4971,IET-KY,國票敦北,779c,216,4,0.019,297.0,2025-12-16,0.0101,0.0488,0.0118,False,,270.003,6.1,1.250013888888889,0.02824074074074074,2,0.0101,False
2025-12-15,6205,詮欣,統一城中,5854,105,5,0.048,40.8,2025-12-16,0.0000,0.0184,-0.0441,False,,100.0,5.0,0.9523809523809523,0.047619047619047616,3,0.0,False
2025-12-16,3047,訊舟,凱基城中,9227,4740,9,0.002,19.85,2025-12-17,0.0403,0.0730,-0.0252,False,,4802.0,117.0,1.0130801687763713,0.024683544303797468,1,0.0403,False
2025-12-17,3684,榮昌,統一城中,5854,11,0,0.001,58.4,2025-12-18,0.0274,0.0788,0.0291,False,,6.01,10.0,0.5463636363636364,0.9090909090909091,,0.0274,False
2025-12-17,6155,鈞寶,富邦總部,9600,1703,6,0.004,45.3,2025-12-18,-0.0011,0.0254,-0.0364,False,,1823.0,120.0,1.0704638872577803,0.07046388725778038,1,-0.0011,False
2025-12-22,2402,毅嘉,富邦總部,9600,3052,530,0.174,61.8,2025-12-23,0.0049,0.0615,0.0437,False,,2692.351,720.043,0.8821595674967234,0.23592496723460027,3,0.0049,False
2025-12-22,6125,廣運,凱基城中,9227,1231,0,0.000,72.7,2025-12-23,-0.0193,0.0124,0.0083,False,,1540.995,323.0,1.2518237205523963,0.26238830219333875,1,-0.0193,False
2025-12-23,1785,光洋科,國票敦北,779c,2170,4,0.002,69.3,2025-12-24,-0.0029,0.0101,0.0101,False,,2156.527,560.0,0.9937912442396314,0.25806451612903225,2,-0.0029,False
2025-12-23,2413,環科,國票敦北,779c,900,2,0.002,37.0,2025-12-24,0.0338,0.0811,0.0459,False,凱基城中|統一城中|國票安和,900.0,10.0,1.0,0.011111111111111112,1,0.0338,False
2025-12-23,2413,環科,國票安和,779Z,754,2,0.003,37.0,2025-12-24,0.0338,0.0811,0.0459,False,凱基城中|統一城中|國票敦北,784.0,26.001,1.039787798408488,0.034484084880636603,2,0.0338,False
2025-12-23,2413,環科,凱基城中,9227,773,30,0.039,37.0,2025-12-24,0.0338,0.0811,0.0459,False,統一城中|國票敦北|國票安和,778.009,41.0,1.0064799482535576,0.05304010349288486,3,0.0338,False
2025-12-23,2413,環科,統一城中,5854,662,20,0.030,37.0,2025-12-24,0.0338,0.0811,0.0459,False,凱基城中|國票敦北|國票安和,680.0,38.0,1.027190332326284,0.05740181268882175,5,0.0338,False
2025-12-23,4979,華星光,富邦總部,9600,1242,444,0.358,291.5,2025-12-24,0.0000,0.0309,0.0103,False,,2067.926,1425.583,1.6649967793880838,1.1478123993558775,2,0.0,False
2025-12-23,6244,茂迪,凱基城中,9227,3481,536,0.154,23.2,2025-12-24,0.0388,0.0560,-0.0237,False,,3055.0,116.0,0.8776213731686298,0.03332375754093651,1,0.0388,False
2025-12-26,6205,詮欣,國票安和,779Z,129,0,0.000,48.4,2025-12-29,0.0992,0.0992,0.0992,False,凱基城中,0.0,99.0,0.0,0.7674418604651163,,0.0992,False
2025-12-26,6205,詮欣,凱基城中,9227,172,1,0.006,48.4,2025-12-29,0.0992,0.0992,0.0992,False,國票安和,1.0,201.0,0.005813953488372093,1.1686046511627908,,0.0992,False
2025-12-29,1528,恩德,富邦總部,9600,6035,34,0.006,22.05,2025-12-30,0.0181,0.0726,0.0476,False,,10020.0,5008.2,1.660314830157415,0.8298591549295775,1,0.0181,False
2025-12-29,2413,環科,國票安和,779Z,1484,514,0.346,46.8,2025-12-30,0.0470,0.0534,0.0278,False,凱基城中,1480.003,12.005,0.9973066037735849,0.008089622641509434,2,0.047,False
2025-12-29,2413,環科,凱基城中,9227,534,13,0.024,46.8,2025-12-30,0.0470,0.0534,0.0278,False,國票安和,531.15,60.15,0.9946629213483146,0.11264044943820224,5,0.047,False
2025-12-29,5340,建榮,國票敦北,779c,1402,0,0.000,73.8,2025-12-30,0.0068,0.0122,-0.0447,False,凱基城中|統一城中|國票安和,1204.0,4.0,0.8587731811697575,0.0028530670470756064,2,0.0068,False
2025-12-29,5340,建榮,國票安和,779Z,1407,38,0.027,73.8,2025-12-30,0.0068,0.0122,-0.0447,False,凱基城中|統一城中|國票敦北,1218.002,17.0,0.8656730632551528,0.012082444918265814,1,0.0068,False
2025-12-29,5340,建榮,凱基城中,9227,1050,13,0.013,73.8,2025-12-30,0.0068,0.0122,-0.0447,False,統一城中|國票敦北|國票安和,1095.3,55.071,1.0431428571428571,0.05244857142857143,4,0.0068,False
2025-12-29,5340,建榮,統一城中,5854,1063,16,0.015,73.8,2025-12-30,0.0068,0.0122,-0.0447,False,凱基城中|國票敦北|國票安和,1224.0,447.0,1.1514581373471309,0.4205079962370649,6,0.0068,False
2025-12-29,6234,高僑,富邦總部,9600,1665,12,0.007,30.85,2025-12-30,0.0000,0.0049,-0.0097,False,,1565.0,39.0,0.93993993993994,0.023423423423423424,1,0.0,False
2025-12-30,6205,詮欣,國票敦北,779c,57,0,0.000,58.5,2025-12-31,0.0735,0.0855,0.0598,False,凱基城中,59.0,0.0,1.0350877192982457,0.0,14,0.0735,False
2025-12-30,6205,詮欣,凱基城中,9227,752,393,0.523,58.5,2025-12-31,0.0735,0.0855,0.0598,False,國票敦北,763.998,0.0,1.0159547872340426,0.0,1,0.0735,False
2025-12-30,6265,方土昶,國票敦北,779c,613,8,0.013,29.25,2025-12-31,0.0530,0.0991,0.0991,False,凱基城中|國票安和,608.5,1483.162,0.9926590538336052,2.4195138662316475,,0.053,False
2025-12-30,6265,方土昶,國票安和,779Z,654,10,0.015,29.25,2025-12-31,0.0530,0.0991,0.0991,False,凱基城中|國票敦北,653.0,505.0,0.9984709480122325,0.77217125382263,7,0.053,False
2025-12-30,6265,方土昶,凱基城中,9227,795,106,0.133,29.25,2025-12-31,0.0530,0.0991,0.0991,False,國票敦北|國票安和,814.05,720.2,1.0239622641509434,0.9059119496855346,12,0.053,False
2025-12-31,3363,上詮,富邦總部,9600,276,21,0.077,457.5,2026-01-02,0.0164,0.0240,-0.0087,False,,194.0,37.2,0.7028985507246377,0.13478260869565217,5,0.0164,False
2025-12-31,3624,光頡,富邦總部,9600,3858,2058,0.533,58.4,2026-01-02,0.0394,0.0993,0.0993,False,,2006.0,646.49,0.5199585277345775,0.16757128045619493,1,0.0394,False
2026-01-02,3048,益登,富邦總部,9600,1021,27,0.027,45.7,2026-01-05,0.0624,0.0864,-0.0252,False,,1100.0,86.462,1.0773751224289911,0.08468364348677766,4,0.0624,False
2026-01-02,3308,聯德,凱基城中,9227,50,0,0.000,22.1,2026-01-05,0.0498,0.0679,0.0317,False,,50.88,0.0,1.0176,0.0,5,0.0498,False
2026-01-02,3689,湧德,富邦總部,9600,506,24,0.047,127.0,2026-01-05,0.0197,0.0394,0.0000,False,,539.233,60.0,1.0656778656126482,0.11857707509881422,3,0.0197,False
2026-01-02,6155,鈞寶,富邦總部,9600,1598,803,0.503,48.45,2026-01-05,0.0650,0.0980,0.0980,False,,720.0,1497.0,0.45056320400500627,0.9367959949937422,,0.065,False
2026-01-02,6485,點序,國票敦北,779c,300,0,0.000,86.1,2026-01-05,0.0360,0.0918,0.0441,False,,2.0,1.102,0.006666666666666667,0.003673333333333333,,0.036,False
2026-01-05,3131,弘塑,富邦總部,9600,102,38,0.375,1765.0,2026-01-06,0.0113,0.0312,-0.0028,False,,82.373,3.304,0.807578431372549,0.032392156862745096,2,0.0113,False
2026-01-05,3680,家登,富邦總部,9600,403,13,0.032,408.0,2026-01-06,0.0049,0.0980,0.0490,False,,468.058,79.009,1.1614342431761786,0.19605210918114144,1,0.0049,False
2026-01-05,6640,均華,富邦總部,9600,88,2,0.023,718.0,2026-01-06,0.0000,0.0265,-0.0390,False,,72.888,7.0,0.8282727272727273,0.07954545454545454,1,0.0,False
2026-01-05,8110,華東,富邦總部,9600,10168,9378,0.922,68.5,2026-01-06,0.0117,0.0949,0.0715,False,,1541.02,535.52,0.1515558615263572,0.05266719118804091,8,0.0117,False
2026-01-06,1717,長興,富邦總部,9600,5936,678,0.114,50.7,2026-01-07,0.0099,0.0986,0.0986,False,,6174.0,2464.4,1.0400943396226414,0.41516172506738547,2,0.0099,False
2026-01-07,1471,首利,凱基城中,9227,36,0,0.000,9.6,2026-01-08,0.0417,0.0729,0.0469,False,,0.0,0.0,0.0,0.0,,0.0417,False
2026-01-07,1605,華新,國票敦北,779c,11939,106,0.009,39.65,2026-01-08,0.0038,0.0214,-0.0340,False,國票安和,735.274,1035.45,0.06158589496607756,0.0867283692101516,,0.0038,False
2026-01-07,1605,華新,國票安和,779Z,8140,437,0.054,39.65,2026-01-08,0.0038,0.0214,-0.0340,False,國票敦北,69.0,62.005,0.008476658476658476,0.007617321867321867,,0.0038,False
2026-01-07,2303,聯電,富邦總部,9600,16542,4335,0.262,54.1,2026-01-08,0.0536,0.0795,-0.0240,False,,28096.624,14128.291,1.698502236730746,0.8540860234554467,4,0.0536,False
2026-01-07,3060,銘異,富邦總部,9600,2029,9,0.004,36.35,2026-01-08,0.0454,0.0977,0.0055,False,,1502.0,3446.302,0.7402661409561361,1.6985224248398225,,0.0454,False
2026-01-09,2313,華通,富邦總部,9600,5328,3428,0.643,115.5,2026-01-12,0.0346,0.0996,0.0996,True,,3044.77,6027.41,0.5714658408408408,1.1312706456456456,,0.0346,True
2026-01-09,8042,金山電,富邦總部,9600,682,185,0.271,63.8,2026-01-12,0.0110,0.0517,-0.0141,False,,548.1,60.0,0.8036656891495602,0.08797653958944282,2,0.011,False
2026-01-09,8074,鉅橡,國票敦北,779c,771,0,0.000,56.3,2026-01-12,0.0124,0.0568,-0.0053,False,統一城中|國票安和|富邦總部,1165.0,395.0,1.5110246433203631,0.5123216601815823,3,0.0124,False
2026-01-09,8074,鉅橡,國票安和,779Z,782,13,0.017,56.3,2026-01-12,0.0124,0.0568,-0.0053,False,統一城中|國票敦北|富邦總部,775.0,4.002,0.9910485933503836,0.00511764705882353,2,0.0124,False
2026-01-09,8074,鉅橡,統一城中,5854,794,35,0.044,56.3,2026-01-12,0.0124,0.0568,-0.0053,False,國票敦北|國票安和|富邦總部,786.001,29.0,0.9899256926952141,0.036523929471032744,4,0.0124,False
2026-01-09,8074,鉅橡,富邦總部,9600,2943,120,0.041,56.3,2026-01-12,0.0124,0.0568,-0.0053,False,統一城中|國票敦北|國票安和,3004.001,121.25,1.0207274889568467,0.04119945633707102,1,0.0124,False
2026-01-12,2313,華通,富邦總部,9600,6027,3045,0.505,127.0,2026-01-13,0.0394,0.0866,0.0630,False,,5516.665,4057.375,0.9153252032520325,0.6731997677119629,5,0.0394,False
2026-01-12,2406,國碩,富邦總部,9600,4030,9,0.002,28.05,2026-01-13,0.0624,0.0998,0.0998,True,,13590.4,14704.0,3.3723076923076922,3.64863523573201,,0.0624,True
2026-01-12,3305,昇貿,富邦總部,9600,553,61,0.111,121.5,2026-01-13,0.0247,0.0535,-0.0041,False,,555.369,126.343,1.0042839059674502,0.22846835443037974,6,0.0247,False
2026-01-12,3481,群創,富邦總部,9600,5683,33,0.006,22.0,2026-01-13,0.0114,0.0659,0.0295,False,,19482.516,236.286,3.4282097483723386,0.041577687840929085,1,0.0114,False
2026-01-12,6443,元晶,富邦總部,9600,2135,186,0.087,34.8,2026-01-13,0.0920,0.0991,0.0776,False,,4679.3,3845.592,2.1917096018735363,1.8012140515222483,5,0.092,False
2026-01-13,2404,漢唐,國票敦北,779c,318,36,0.114,1080.0,2026-01-14,0.0000,0.0833,0.0648,False,,60.637,2.0,0.19068238993710693,0.006289308176100629,10,0.0,False
2026-01-13,2485,兆赫,富邦總部,9600,15296,8877,0.580,30.25,2026-01-14,0.0694,0.0992,0.0992,False,,2269.3,5598.0,0.1483590481171548,0.36597803347280333,,0.0694,False
2026-01-13,6725,矽科宏晟,富邦總部,9600,100,30,0.301,280.5,2026-01-14,0.0553,0.0606,0.0018,False,,268.199,168.0,2.68199,1.68,3,0.0553,False
2026-01-14,1503,士電,國票安和,779Z,620,3,0.005,198.0,2026-01-15,0.0379,0.0404,-0.0051,False,富邦總部,150.01,82.6,0.2419516129032258,0.13322580645161292,10,0.0379,False
2026-01-14,1503,士電,富邦總部,9600,1320,5,0.004,198.0,2026-01-15,0.0379,0.0404,-0.0051,False,國票安和,1285.768,602.761,0.9740666666666666,0.4566371212121212,1,0.0379,False
2026-01-14,1504,東元,富邦總部,9600,3219,2319,0.720,90.5,2026-01-15,0.0166,0.0166,-0.0519,False,,1046.631,149.429,0.3251416589002796,0.04642093817955887,10,0.0166,False
2026-01-14,1519,華城,國票安和,779Z,363,1,0.003,893.0,2026-01-15,0.0470,0.0571,0.0157,False,富邦總部,368.015,34.015,1.0138154269972453,0.09370523415977962,2,0.047,False
2026-01-14,1519,華城,富邦總部,9600,966,16,0.017,893.0,2026-01-15,0.0470,0.0571,0.0157,False,國票安和,1146.816,187.255,1.1871801242236024,0.19384575569358178,1,0.047,False
2026-01-14,1721,三晃,富邦總部,9600,2352,2,0.001,17.05,2026-01-15,0.0733,0.0997,0.0997,True,,2368.0,2.0,1.0068027210884354,0.0008503401360544217,1,0.0733,True
2026-01-14,2424,隴華,凱基城中,9227,22,0,0.000,35.3,2026-01-15,0.0822,0.0992,0.0892,False,,22.0,0.0,1.0,0.0,2,0.0822,False
2026-01-14,2484,希華,凱基城中,9227,495,0,0.000,25.3,2026-01-15,0.0988,0.0988,0.0672,False,,572.0,45.0,1.1555555555555554,0.09090909090909091,1,0.0988,False
2026-01-14,3236,千如,國票敦北,779c,540,1,0.002,35.9,2026-01-15,0.0223,0.0794,0.0557,False,凱基城中|統一城中|國票安和|富邦總部,547.1,8.0,1.0131481481481481,0.014814814814814815,6,0.0223,False
2026-01-14,3236,千如,國票安和,779Z,660,13,0.020,35.9,2026-01-15,0.0223,0.0794,0.0557,False,凱基城中|統一城中|國票敦北|富邦總部,667.0,3.0,1.0106060606060605,0.004545454545454545,3,0.0223,False
2026-01-14,3236,千如,凱基城中,9227,779,39,0.050,35.9,2026-01-15,0.0223,0.0794,0.0557,False,統一城中|國票敦北|國票安和|富邦總部,890.0,128.0,1.1424903722721438,0.1643132220795892,2,0.0223,False
2026-01-14,3236,千如,統一城中,5854,724,26,0.036,35.9,2026-01-15,0.0223,0.0794,0.0557,False,凱基城中|國票敦北|國票安和|富邦總部,734.0,189.0,1.0138121546961325,0.2610497237569061,5,0.0223,False
2026-01-14,3236,千如,富邦總部,9600,3398,5,0.001,35.9,2026-01-15,0.0223,0.0794,0.0557,False,凱基城中|統一城中|國票敦北|國票安和,3406.0,15.03,1.0023543260741612,0.004423190111830489,1,0.0223,False
2026-01-14,3691,碩禾,國票敦北,779c,108,0,0.001,95.0,2026-01-15,0.0505,0.1000,0.1000,True,富邦總部,0.0,46.0,0.0,0.42592592592592593,,0.0505,True
2026-01-14,3691,碩禾,富邦總部,9600,482,11,0.023,95.0,2026-01-15,0.0505,0.1000,0.1000,True,國票敦北,0.0,542.0,0.0,1.1244813278008299,,0.0505,True
2026-01-14,4989,榮科,凱基城中,9227,1587,430,0.271,60.5,2026-01-15,0.0165,0.0992,0.0992,False,,1720.9,631.0,1.0843730308758663,0.39760554505356016,2,0.0165,False
2026-01-14,6155,鈞寶,國票安和,779Z,440,2,0.005,55.2,2026-01-15,0.0688,0.0996,0.0996,True,統一城中|富邦總部,5.0,270.001,0.011363636363636364,0.6136386363636364,,0.0688,True
2026-01-14,6155,鈞寶,統一城中,5854,481,11,0.023,55.2,2026-01-15,0.0688,0.0996,0.0996,True,國票安和|富邦總部,3.0,10.0,0.006237006237006237,0.02079002079002079,,0.0688,True
2026-01-14,6155,鈞寶,富邦總部,9600,1116,17,0.015,55.2,2026-01-15,0.0688,0.0996,0.0996,True,統一城中|國票安和,839.05,978.0,0.751836917562724,0.8763440860215054,,0.0688,True
2026-01-14,6182,合晶,統一城中,5854,1441,30,0.021,39.6,2026-01-15,0.0101,0.0114,0.0076,False,富邦總部,2377.0,1038.22,1.6495489243580848,0.7204857737682165,4,0.0101,False
2026-01-14,6182,合晶,富邦總部,9600,2201,308,0.140,39.6,2026-01-15,0.0101,0.0114,0.0076,False,統一城中,2075.225,1904.112,0.9428555202180827,0.8651122217174012,18,0.0101,False
2026-01-14,6485,點序,國票敦北,779c,382,105,0.275,116.0,2026-01-15,0.0259,0.0733,-0.0086,False,富邦總部,417.527,50.01,1.093002617801047,0.13091623036649214,3,0.0259,False
2026-01-14,6485,點序,富邦總部,9600,951,34,0.036,116.0,2026-01-15,0.0259,0.0733,-0.0086,False,國票敦北,389.0,679.03,0.40904311251314407,0.7140168243953733,,0.0259,False
2026-01-14,8042,金山電,國票安和,779Z,993,10,0.010,70.4,2026-01-15,0.0142,0.0866,0.0085,False,凱基城中|統一城中|富邦總部,1031.0,64.0,1.0382678751258811,0.06445115810674723,3,0.0142,False
2026-01-14,8042,金山電,凱基城中,9227,768,31,0.040,70.4,2026-01-15,0.0142,0.0866,0.0085,False,統一城中|國票安和|富邦總部,763.1,44.347,0.9936197916666667,0.057743489583333335,6,0.0142,False
2026-01-14,8042,金山電,統一城中,5854,1050,77,0.073,70.4,2026-01-15,0.0142,0.0866,0.0085,False,凱基城中|國票安和|富邦總部,1047.0,83.0,0.9971428571428571,0.07904761904761905,4,0.0142,False
2026-01-14,8042,金山電,富邦總部,9600,2945,42,0.014,70.4,2026-01-15,0.0142,0.0866,0.0085,False,凱基城中|統一城中|國票安和,3025.0,103.02,1.0271646859083192,0.03498132427843803,1,0.0142,False
2026-01-15,1717,長興,富邦總部,9600,5744,527,0.092,67.1,2026-01-16,0.0283,0.0477,0.0030,False,,5742.247,486.759,0.9996948119777159,0.08474216573816155,1,0.0283,False
2026-01-15,1802,台玻,富邦總部,9600,12684,535,0.042,38.0,2026-01-16,0.0658,0.1000,0.1000,True,,8690.818,23571.101,0.685179596341848,1.8583334121728161,,0.0658,True
2026-01-15,3691,碩禾,富邦總部,9600,542,0,0.000,104.5,2026-01-16,0.0096,0.0957,0.0957,False,,658.001,651.0,1.2140239852398524,1.2011070110701108,,0.0096,False
2026-01-15,4533,協易機,富邦總部,9600,1311,19,0.014,27.6,2026-01-16,0.0072,0.0996,0.0996,True,,1001.0,3251.1,0.7635392829900839,2.479862700228833,,0.0072,True
2026-01-15,6919,康霈*,凱基城中,9227,300,0,0.000,165.0,2026-01-16,0.0182,0.0970,0.0303,False,富邦總部,305.51,27.01,1.0183666666666666,0.09003333333333334,3,0.0182,False
2026-01-15,6919,康霈*,富邦總部,9600,1997,0,0.000,165.0,2026-01-16,0.0182,0.0970,0.0303,False,凱基城中,2244.0,280.659,1.1236855282924387,0.14054031046569854,1,0.0182,False
2026-01-15,6928,攸泰科技,富邦總部,9600,189,0,0.000,57.2,2026-01-16,0.0997,0.0997,-0.0210,False,,200.0,11.0,1.0582010582010581,0.0582010582010582,1,0.0997,False
2026-01-15,8088,品安,富邦總部,9600,2915,39,0.013,60.5,2026-01-16,0.0413,0.0992,0.0992,False,,3702.778,2429.0,1.27024974271012,0.8332761578044597,1,0.0413,False
2026-01-16,1802,台玻,國票敦北,779c,9621,3532,0.367,41.8,2026-01-19,0.0694,0.0993,0.0993,False,統一城中|富邦總部,9228.212,6910.025,0.9591738904479784,0.7182231576759173,6,0.0694,False
2026-01-16,1802,台玻,統一城中,5854,5582,1337,0.239,41.8,2026-01-19,0.0694,0.0993,0.0993,False,國票敦北|富邦總部,1482.0,1394.0,0.26549623790756,0.2497312791114296,33,0.0694,False
2026-01-16,1802,台玻,富邦總部,9600,23571,8691,0.369,41.8,2026-01-19,0.0694,0.0993,0.0993,False,統一城中|國票敦北,24002.539,6184.675,1.0183080480251157,0.2623849221500997,1,0.0694,False
2026-01-16,3189,景碩,富邦總部,9600,2973,768,0.258,192.5,2026-01-19,0.0260,0.0987,0.0987,False,,1691.432,1738.182,0.5689310460813992,0.5846559031281534,,0.026,False
2026-01-16,4533,協易機,凱基城中,9227,527,28,0.053,30.35,2026-01-19,0.0247,0.0379,-0.0115,False,富邦總部,516.0,8.0,0.9791271347248577,0.015180265654648957,2,0.0247,False
2026-01-16,4533,協易機,富邦總部,9600,3251,1001,0.308,30.35,2026-01-19,0.0247,0.0379,-0.0115,False,凱基城中,3565.109,38.104,1.0966191940941248,0.011720701322669948,1,0.0247,False
2026-01-16,4923,力士,凱基城中,9227,303,0,0.000,34.2,2026-01-19,-0.0585,0.0994,0.0526,False,,0.0,117.252,0.0,0.386970297029703,,-0.0585,False
2026-01-16,4973,廣穎,富邦總部,9600,2401,84,0.035,53.0,2026-01-19,0.0698,0.1000,0.1000,True,,600.0,10.0,0.24989587671803415,0.004164931278633903,1,0.0698,True
2026-01-19,4973,廣穎,國票敦北,779c,140,0,0.001,58.3,2026-01-20,-0.0652,-0.0223,-0.0412,False,,141.056,3.0,1.007542857142857,0.02142857142857143,4,-0.0652,False
2026-01-19,5340,建榮,國票敦北,779c,511,2,0.004,92.6,2026-01-20,0.0248,0.0961,0.0961,False,統一城中,508.0,501.0,0.9941291585127201,0.9804305283757339,,0.0248,False
2026-01-19,5340,建榮,統一城中,5854,488,6,0.012,92.6,2026-01-20,0.0248,0.0961,0.0961,False,國票敦北,486.25,913.0,0.9964139344262295,1.8709016393442623,,0.0248,False
2026-01-19,8110,華東,富邦總部,9600,3254,202,0.062,88.0,2026-01-20,-0.0568,0.0000,-0.0341,False,,3466.812,403.424,1.06540012292563,0.1239778733866011,1,-0.0568,False
2026-01-20,1513,中興電,富邦總部,9600,2598,258,0.099,176.5,2026-01-21,0.0028,0.0623,0.0057,False,,3588.987,2214.696,1.3814422632794456,0.8524618937644342,4,0.0028,False
2026-01-20,1809,中釉,凱基城中,9227,4448,885,0.199,27.5,2026-01-21,0.0836,0.0836,0.0327,False,,3591.385,15.0,0.8074156924460432,0.003372302158273381,1,0.0836,False
2026-01-20,3016,嘉晶,富邦總部,9600,700,10,0.014,66.0,2026-01-21,0.0333,0.1000,0.1000,True,,4536.07,4232.736,6.4801,6.046765714285714,2,0.0333,True
2026-01-20,6217,中探針,富邦總部,9600,1009,37,0.037,63.8,2026-01-21,-0.0078,0.0439,-0.0439,False,,992.0,36.0,0.9831516352824579,0.035678889990089196,4,-0.0078,False
2026-01-20,6282,康舒,富邦總部,9600,4223,1081,0.256,63.8,2026-01-21,0.0188,0.0329,-0.0423,False,,4046.059,338.395,0.9581006393559082,0.08013142315889178,4,0.0188,False
2026-01-20,6443,元晶,富邦總部,9600,9368,1239,0.132,40.8,2026-01-21,0.0368,0.0686,-0.0245,False,,8677.18,652.566,0.9262574722459437,0.06965905209222886,2,0.0368,False
2026-01-20,7820,立盈,國票安和,779Z,46,0,0.000,193.0,2026-01-21,-0.0637,0.0415,-0.0052,False,,0.0,0.0,0.0,0.0,,-0.0637,False
2026-01-20,8086,宏捷科,富邦總部,9600,1550,1338,0.863,121.5,2026-01-21,0.0041,0.0658,0.0206,False,,226.015,47.328,0.14581612903225807,0.030534193548387097,4,0.0041,False
2026-01-21,2457,飛宏,富邦總部,9600,11067,709,0.064,37.0,2026-01-22,0.0689,0.0973,0.0419,False,,3169.472,844.712,0.2863894461010211,0.07632709858136803,2,0.0689,False
2026-01-22,2356,英業達,國票敦北,779c,3698,524,0.142,51.2,2026-01-23,0.0645,0.0742,-0.0625,False,,3072.186,129.0,0.8307696051919957,0.03488372093023256,7,0.0645,False
2026-01-22,4533,協易機,凱基城中,9227,2918,715,0.245,35.35,2026-01-23,0.0000,0.0226,-0.0099,False,,2195.0,32.0,0.7522275531185744,0.010966415352981495,1,0.0,False
2026-01-22,6155,鈞寶,富邦總部,9600,359,17,0.047,62.8,2026-01-23,0.0191,0.0255,-0.0812,False,,366.5,7.0,1.0208913649025069,0.019498607242339833,3,0.0191,False
2026-01-22,6202,盛群,富邦總部,9600,1168,1017,0.871,44.2,2026-01-23,0.0181,0.0407,-0.0045,False,,150.0,0.001,0.1284246575342466,8.561643835616439e-07,2,0.0181,False
2026-01-22,7780,大研生醫*,富邦總部,9600,2562,128,0.050,27.0,2026-01-23,0.0259,0.0889,0.0685,False,,2543.0,50.379,0.992583918813427,0.019663934426229508,1,0.0259,False
2026-01-22,7795,長廣,國票安和,779Z,120,14,0.117,385.0,2026-01-23,0.0130,0.0416,0.0000,False,,4.0,52.11,0.03333333333333333,0.43425,,0.013,False
2026-01-23,2313,華通,富邦總部,9600,4812,1616,0.336,171.0,2026-01-26,0.0175,0.0643,0.0351,False,,5035.475,744.253,1.0464411886949294,0.15466604322527017,2,0.0175,False
2026-01-23,2367,燿華,富邦總部,9600,15015,1214,0.081,44.1,2026-01-26,0.0374,0.0998,0.0998,True,,13796.583,8987.244,0.9188533466533466,0.5985510489510489,1,0.0374,True
2026-01-23,3162,精確,國票敦北,779c,614,36,0.059,65.0,2026-01-26,0.0138,0.0185,-0.0169,False,,11.0,186.0,0.017915309446254073,0.30293159609120524,,0.0138,False
2026-01-26,2337,旺宏,國票敦北,779c,4245,291,0.069,76.2,2026-01-27,0.0092,0.0617,0.0000,False,富邦總部,1236.36,421.18,0.29125088339222616,0.09921790341578328,13,0.0092,False
2026-01-26,2337,旺宏,富邦總部,9600,17277,6951,0.402,76.2,2026-01-27,0.0092,0.0617,0.0000,False,國票敦北,10479.699,9051.349,0.6065693696822365,0.5238958731261214,10,0.0092,False
2026-01-26,2367,燿華,國票敦北,779c,5665,4754,0.839,48.5,2026-01-27,0.0639,0.0722,0.0330,False,,5661.067,110.0,0.9993057369814652,0.019417475728155338,2,0.0639,False
2026-01-26,3630,新鉅科,國票敦北,779c,705,3,0.004,38.5,2026-01-27,0.0312,0.0377,-0.0156,False,統一城中|富邦總部,710.0,11.0,1.0070921985815602,0.015602836879432624,4,0.0312,False
2026-01-26,3630,新鉅科,統一城中,5854,518,4,0.008,38.5,2026-01-27,0.0312,0.0377,-0.0156,False,國票敦北|富邦總部,503.0,22.0,0.971042471042471,0.04247104247104247,6,0.0312,False
2026-01-26,3630,新鉅科,富邦總部,9600,852,0,0.000,38.5,2026-01-27,0.0312,0.0377,-0.0156,False,統一城中|國票敦北,870.0,17.0,1.0211267605633803,0.01995305164319249,2,0.0312,False
2026-01-26,4967,十銓,富邦總部,9600,432,57,0.132,225.5,2026-01-27,0.0000,0.0998,0.0998,True,,1128.35,987.305,2.611921296296296,2.2854282407407407,8,0.0,True
2026-01-26,6446,藥華藥,富邦總部,9600,318,112,0.352,660.0,2026-01-27,0.0258,0.1000,0.0939,False,,232.301,263.308,0.7305062893081761,0.8280125786163522,,0.0258,False
2026-01-27,1325,恆大,凱基城中,9227,1220,0,0.000,32.55,2026-01-28,0.0952,0.0998,0.0998,True,,70.031,692.0,0.057402459016393445,0.5672131147540984,,0.0952,True
2026-01-27,2303,聯電,富邦總部,9600,30854,7195,0.233,76.2,2026-01-28,0.0446,0.0459,-0.0039,False,,20466.129,19685.532,0.6633217411032605,0.6380220392817787,21,0.0446,False
2026-01-27,2419,仲琦,富邦總部,9600,3238,387,0.120,34.15,2026-01-28,0.0307,0.0512,-0.0527,False,,2889.0,45.1,0.8922174181593576,0.013928350833848054,1,0.0307,False
2026-01-27,3163,波若威,富邦總部,9600,2288,1823,0.797,424.5,2026-01-28,0.0165,0.0989,0.0989,False,,479.155,1214.0,0.2094208916083916,0.5305944055944056,,0.0165,False
2026-01-27,4971,IET-KY,國票敦北,779c,151,5,0.033,363.0,2026-01-28,0.0331,0.0882,0.0689,False,,133.008,12.0,0.8808476821192053,0.07947019867549669,6,0.0331,False
2026-01-27,5347,世界,國票敦北,779c,1365,14,0.010,159.5,2026-01-28,0.0345,0.0721,0.0219,False,富邦總部,1365.122,34.1,1.0000893772893773,0.02498168498168498,5,0.0345,False
2026-01-27,5347,世界,富邦總部,9600,3287,1291,0.393,159.5,2026-01-28,0.0345,0.0721,0.0219,False,國票敦北,3899.46,684.886,1.1863279586248858,0.20836203224825067,1,0.0345,False
2026-01-27,5498,凱崴,富邦總部,9600,2989,20,0.007,67.3,2026-01-28,0.0208,0.0342,-0.0327,False,,3026.111,71.933,1.0124158581465372,0.024065908330545335,1,0.0208,False
2026-01-27,6442,光聖,國票安和,779Z,95,5,0.055,1430.0,2026-01-28,0.0979,0.0979,0.0979,False,凱基城中,92.0,2.0,0.968421052631579,0.021052631578947368,3,0.0979,False
2026-01-27,6442,光聖,凱基城中,9227,247,2,0.008,1430.0,2026-01-28,0.0979,0.0979,0.0979,False,國票安和,246.118,1.542,0.9964291497975708,0.006242914979757085,2,0.0979,False
2026-01-28,1325,恆大,凱基城中,9227,692,70,0.101,35.8,2026-01-29,0.0140,0.0140,-0.0992,False,富邦總部,1842.0,13.1,2.661849710982659,0.01893063583815029,1,0.014,False
2026-01-28,1325,恆大,富邦總部,9600,56,2,0.045,35.8,2026-01-29,0.0140,0.0140,-0.0992,False,凱基城中,58.5,6.001,1.0446428571428572,0.10716071428571429,6,0.014,False
2026-01-28,1717,長興,富邦總部,9600,1112,104,0.094,67.3,2026-01-29,0.0416,0.0490,-0.0713,False,,1327.221,435.535,1.1935440647482014,0.3916681654676259,9,0.0416,False
2026-01-28,2344,華邦電,富邦總部,9600,9317,2984,0.320,127.0,2026-01-29,0.0472,0.0709,0.0236,False,,10533.032,6108.154,1.1305175485671353,0.655592358055168,4,0.0472,False
2026-01-28,4977,眾達-KY,富邦總部,9600,2600,1499,0.577,138.0,2026-01-29,0.0217,0.0471,-0.0109,False,,1350.0,252.01,0.5192307692307693,0.09692692307692308,2,0.0217,False
2026-01-29,3081,聯亞,國票敦北,779c,209,4,0.018,990.0,2026-01-30,-0.0182,0.0101,0.0101,False,富邦總部,12.707,0.0,0.06079904306220096,0.0,16,-0.0182,False
2026-01-29,3081,聯亞,富邦總部,9600,858,240,0.280,990.0,2026-01-30,-0.0182,0.0101,0.0101,False,國票敦北,22.0,1.02,0.02564102564102564,0.0011888111888111888,12,-0.0182,False
2026-01-29,6706,惠特,國票安和,779Z,454,2,0.005,127.0,2026-01-30,0.0079,0.0118,-0.0748,False,,3.001,4.001,0.006610132158590309,0.008812775330396476,,0.0079,False
2026-01-30,3049,精金,凱基城中,9227,1537,32,0.021,9.28,2026-02-02,0.0377,0.0991,0.0991,False,,1546.0,8562.0,1.0058555627846455,5.570592062459337,,0.0377,False
2026-02-02,3028,增你強,凱基城中,9227,2668,2,0.001,50.6,2026-02-03,0.0988,0.0988,0.0988,False,,21.0,2356.991,0.007871064467766116,0.8834299100449775,,0.0988,False
2026-02-02,6552,易華電,富邦總部,9600,54,6,0.111,33.55,2026-02-03,0.0432,0.0790,0.0089,False,,49.0,1.0,0.9074074074074074,0.018518518518518517,3,0.0432,False
2026-02-03,1815,富喬,富邦總部,9600,2147,387,0.180,95.7,2026-02-04,0.0125,0.0376,0.0136,False,,2465.877,514.542,1.1485221238938053,0.2396562645551933,4,0.0125,False
2026-02-03,2367,燿華,富邦總部,9600,9067,4328,0.477,54.1,2026-02-04,0.0203,0.0998,0.0998,True,,5012.076,4807.23,0.552782177125841,0.5301896989081284,14,0.0203,True
2026-02-03,3508,位速,富邦總部,9600,519,0,0.000,29.2,2026-02-04,0.0873,0.0993,0.0993,False,,519.0,998.0,1.0,1.9229287090558767,,0.0873,False
2026-02-03,6683,雍智科技,國票安和,779Z,41,0,0.000,696.0,2026-02-04,-0.0086,0.0833,0.0833,False,,11.0,0.0,0.2682926829268293,0.0,12,-0.0086,False
2026-02-04,2383,台光電,富邦總部,9600,141,39,0.273,2040.0,2026-02-05,-0.0294,-0.0025,-0.0441,False,,176.191,48.152,1.249581560283688,0.3415035460992908,6,-0.0294,False
2026-02-04,3693,營邦,富邦總部,9600,401,3,0.008,423.5,2026-02-05,0.0024,0.0543,0.0224,False,,453.313,101.938,1.1304563591022443,0.2542094763092269,2,0.0024,False
2026-02-04,6244,茂迪,富邦總部,9600,7688,4663,0.607,26.95,2026-02-05,0.0353,0.0983,0.0983,False,,7349.5,6785.114,0.9559703433922997,0.882559053069719,2,0.0353,False
2026-02-04,6588,東典光電,國票安和,779Z,150,0,0.000,72.6,2026-02-05,-0.0455,0.0441,-0.0220,False,,0.0,0.09,0.0,0.0006,,-0.0455,False
2026-02-04,7709,榮田,凱基城中,9227,41,0,0.000,63.8,2026-02-05,0.0658,0.0987,0.0987,False,,0.0,7.0,0.0,0.17073170731707318,,0.0658,False
2026-02-05,3508,位速,凱基城中,9227,2134,20,0.009,35.3,2026-02-06,0.0496,0.0765,-0.0085,False,,2133.997,1.004,0.9999985941893158,0.0004704779756326148,1,0.0496,False
2026-02-05,6152,百一,凱基城中,9227,2014,1,0.000,15.95,2026-02-06,0.0815,0.0940,0.0752,False,,2021.0,11.0,1.0034756703078451,0.005461767626613704,2,0.0815,False
2026-02-06,7744,崴寶,國票安和,779Z,253,0,0.000,363.0,2026-02-09,0.0744,0.0992,0.0716,False,,155.0,0.0,0.6126482213438735,0.0,1,0.0744,False
2026-02-09,4903,聯光通,富邦總部,9600,300,2,0.007,42.45,2026-02-10,0.0424,0.0495,-0.0530,False,,303.0,8.002,1.01,0.026673333333333334,2,0.0424,False
2026-02-09,7734,印能科技,富邦總部,9600,16,0,0.002,1490.0,2026-02-10,0.0067,0.0201,-0.0168,False,,4.0,2.065,0.25,0.1290625,29,0.0067,False
2026-02-10,3665,貿聯-KY,富邦總部,9600,424,139,0.328,1380.0,2026-02-11,0.0072,0.0580,-0.0109,False,,1208.601,42.278,2.8504740566037734,0.09971226415094339,1,0.0072,False
2026-02-11,3529,力旺,富邦總部,9600,385,11,0.029,1985.0,2026-02-23,0.0982,0.0982,0.0982,False,,4.033,8.002,0.010475324675324676,0.020784415584415586,,0.0982,False
2026-02-11,4908,前鼎,富邦總部,9600,503,24,0.048,79.2,2026-02-23,0.0189,0.0985,0.0543,False,,518.0,19.015,1.0298210735586482,0.03780318091451292,1,0.0189,False
2026-02-23,1711,永光,國票安和,779Z,2373,6,0.003,25.3,2026-02-24,0.0277,0.0988,0.0988,False,富邦總部,2411.0,46.0,1.0160134850400337,0.01938474504846186,1,0.0277,False
2026-02-23,1711,永光,富邦總部,9600,1942,14,0.007,25.3,2026-02-24,0.0277,0.0988,0.0988,False,國票安和,1954.08,2485.0,1.0062203913491246,1.2796086508753861,,0.0277,False
2026-02-23,2360,致茂,富邦總部,9600,120,2,0.018,1155.0,2026-02-24,0.0476,0.0996,0.0606,False,,6.0,94.266,0.05,0.78555,,0.0476,False
2026-02-23,2489,瑞軒,凱基城中,9227,3403,85,0.025,29.8,2026-02-24,0.0990,0.0990,0.0990,False,富邦總部,7.933,46.956,0.0023311783720246842,0.01379841316485454,,0.099,False
2026-02-23,2489,瑞軒,富邦總部,9600,2000,2,0.001,29.8,2026-02-24,0.0990,0.0990,0.0990,False,凱基城中,0.007,420.998,3.5e-06,0.210499,,0.099,False
2026-02-23,3189,景碩,國票敦北,779c,1121,4,0.004,292.0,2026-02-24,0.0342,0.0993,0.0993,False,統一城中|國票安和|富邦總部,933.728,942.106,0.8329420160570918,0.8404157002676182,,0.0342,False
2026-02-23,3189,景碩,國票安和,779Z,1060,22,0.020,292.0,2026-02-24,0.0342,0.0993,0.0993,False,統一城中|國票敦北|富邦總部,664.12,675.6,0.6265283018867924,0.6373584905660378,,0.0342,False
2026-02-23,3189,景碩,統一城中,5854,967,133,0.138,292.0,2026-02-24,0.0342,0.0993,0.0993,False,國票敦北|國票安和|富邦總部,467.012,572.0,0.48294932781799377,0.5915201654601862,,0.0342,False
2026-02-23,3189,景碩,富邦總部,9600,2920,135,0.046,292.0,2026-02-24,0.0342,0.0993,0.0993,False,統一城中|國票敦北|國票安和,1409.208,3036.3,0.4826054794520548,1.0398287671232878,,0.0342,False
2026-02-23,4946,辣椒,富邦總部,9600,100,0,0.000,121.0,2026-02-24,0.0165,0.0992,0.0950,False,,44.0,14.0,0.44,0.14,1,0.0165,False
2026-02-23,4989,榮科,凱基城中,9227,714,9,0.013,55.2,2026-02-24,0.0507,0.0996,0.0996,True,,733.0,70.0,1.026610644257703,0.09803921568627451,1,0.0507,True
2026-02-23,8046,南電,富邦總部,9600,282,1,0.004,457.5,2026-02-24,0.0448,0.0995,0.0995,False,,179.001,66.1,0.6347553191489361,0.23439716312056738,6,0.0448,False
2026-02-24,2413,環科,富邦總部,9600,2068,1062,0.514,50.2,2026-02-25,0.0896,0.0996,0.0996,True,,1060.0,1424.0,0.5125725338491296,0.688588007736944,,0.0896,True
2026-02-24,2492,華新科,富邦總部,9600,1896,544,0.287,149.0,2026-02-25,0.0268,0.0705,0.0470,False,,17.65,15.007,0.009309071729957806,0.007915084388185655,,0.0268,False
2026-02-24,3037,欣興,統一城中,5854,1824,496,0.272,446.0,2026-02-25,0.0191,0.0381,0.0280,False,富邦總部,760.372,202.96,0.41687061403508774,0.1112719298245614,6,0.0191,False
2026-02-24,3037,欣興,富邦總部,9600,2834,877,0.309,446.0,2026-02-25,0.0191,0.0381,0.0280,False,統一城中,1859.295,1023.675,0.6560673959068455,0.361212067748765,3,0.0191,False
2026-02-24,3363,上詮,凱基城中,9227,131,26,0.199,551.0,2026-02-25,0.0399,0.0817,0.0799,False,統一城中|富邦總部,136.0,46.35,1.0381679389312977,0.35381679389312976,8,0.0399,False
2026-02-24,3363,上詮,統一城中,5854,132,2,0.015,551.0,2026-02-25,0.0399,0.0817,0.0799,False,凱基城中|富邦總部,135.0,3.0,1.0227272727272727,0.022727272727272728,3,0.0399,False
2026-02-24,3363,上詮,富邦總部,9600,884,118,0.134,551.0,2026-02-25,0.0399,0.0817,0.0799,False,凱基城中|統一城中,869.0,316.077,0.9830316742081447,0.3575531674208145,1,0.0399,False
2026-02-24,4919,新唐,富邦總部,9600,2052,0,0.000,72.9,2026-02-25,0.0480,0.0837,-0.0302,False,,2369.0,426.0,1.1544834307992202,0.20760233918128654,1,0.048,False
2026-02-24,4977,眾達-KY,富邦總部,9600,1398,407,0.291,143.5,2026-02-25,0.0976,0.0976,0.0976,False,,0.0,770.0,0.0,0.5507868383404864,,0.0976,False
2026-02-24,4989,榮科,國票敦北,779c,689,1,0.002,60.7,2026-02-25,0.0214,0.0544,0.0264,False,,702.095,7.0,1.0190058055152396,0.010159651669085631,4,0.0214,False
2026-02-24,6244,茂迪,富邦總部,9600,2000,2,0.001,30.85,2026-02-25,0.0438,0.0989,0.0697,False,,2259.543,112.353,1.1297715,0.0561765,2,0.0438,False
2026-02-24,6770,力積電,富邦總部,9600,17146,1350,0.079,73.7,2026-02-25,0.0136,0.0448,0.0421,False,,16176.378,5741.286,0.9434490843345387,0.33484696139041176,1,0.0136,False
2026-02-24,6861,睿生光電,富邦總部,9600,230,79,0.343,94.8,2026-02-25,0.0021,0.0970,0.0970,False,,8.0,428.0,0.034782608695652174,1.8608695652173912,,0.0021,False
2026-02-25,2413,環科,富邦總部,9600,1424,1060,0.744,55.2,2026-02-26,0.0453,0.0525,0.0290,False,,1488.004,117.05,1.0449466292134832,0.08219803370786517,2,0.0453,False
2026-02-25,3535,晶彩科,國票安和,779Z,274,55,0.201,116.0,2026-02-26,0.0690,0.0991,0.0991,False,富邦總部,47.0,63.0,0.17153284671532848,0.22992700729927007,,0.069,False
2026-02-25,3535,晶彩科,富邦總部,9600,1252,54,0.043,116.0,2026-02-26,0.0690,0.0991,0.0991,False,國票安和,1.0,1560.0,0.0007987220447284345,1.2460063897763578,,0.069,False
2026-02-25,3693,營邦,富邦總部,9600,74,1,0.014,413.0,2026-02-26,0.0993,0.0993,0.0993,False,,7.11,235.0,0.09608108108108109,3.175675675675676,,0.0993,False
2026-02-25,6830,汎銓,富邦總部,9600,205,4,0.020,259.5,2026-02-26,0.0751,0.0983,0.0983,False,,202.0,412.0,0.9853658536585366,2.0097560975609756,,0.0751,False
2026-02-25,7712,博盛半導體,富邦總部,9600,39,0,0.000,99.1,2026-02-26,0.0696,0.0999,0.0999,True,,39.0,0.0,1.0,0.0,1,0.0696,True
2026-02-25,7751,竑騰,國票敦北,779c,29,0,0.000,1105.0,2026-02-26,0.0995,0.0995,0.0995,True,,0.0,0.054,0.0,0.0018620689655172414,,0.0995,True
2026-02-26,2360,致茂,國票安和,779Z,194,0,0.000,1380.0,2026-03-02,0.0290,0.0978,0.0978,False,,222.05,24.001,1.1445876288659793,0.12371649484536082,4,0.029,False
2026-02-26,2489,瑞軒,凱基城中,9227,1360,307,0.226,39.6,2026-03-02,0.0366,0.0997,0.0997,True,,11.976,130.578,0.008805882352941177,0.09601323529411765,,0.0366,True
2026-02-26,6526,達發,國票敦北,779c,50,0,0.000,517.0,2026-03-02,0.0251,0.0986,0.0677,False,國票安和,52.1,103.774,1.042,2.07548,,0.0251,False
2026-02-26,6526,達發,國票安和,779Z,58,2,0.035,517.0,2026-03-02,0.0251,0.0986,0.0677,False,國票敦北,7.515,46.0,0.12956896551724137,0.7931034482758621,,0.0251,False
2026-02-26,6789,采鈺,富邦總部,9600,827,10,0.012,342.0,2026-03-02,-0.0249,0.0994,0.0994,False,,684.445,992.0,0.8276239419588876,1.199516324062878,,-0.0249,False
2026-03-02,1802,台玻,凱基城中,9227,4840,83,0.017,67.2,2026-03-03,0.0119,0.0937,-0.0521,False,富邦總部,5268.2,441.361,1.0884710743801653,0.09119028925619835,3,0.0119,False
2026-03-02,1802,台玻,富邦總部,9600,5019,438,0.087,67.2,2026-03-03,0.0119,0.0937,-0.0521,False,凱基城中,5672.81,929.659,1.13026698545527,0.18522793385136482,4,0.0119,False
2026-03-02,2338,光罩,富邦總部,9600,2771,6,0.002,54.1,2026-03-03,0.0758,0.0980,-0.0037,False,,2783.013,23.162,1.0043352580295921,0.008358715265247204,1,0.0758,False
2026-03-02,2489,瑞軒,富邦總部,9600,1057,101,0.096,43.55,2026-03-03,0.0999,0.0999,-0.0746,False,,3005.03,2583.001,2.842980132450331,2.443709555345317,8,0.0999,False
2026-03-02,3563,牧德,富邦總部,9600,523,341,0.652,627.0,2026-03-03,0.0032,0.0319,-0.0255,False,,295.321,105.286,0.5646673040152964,0.20131166347992352,2,0.0032,False
2026-03-02,3576,聯合再生,凱基城中,9227,1395,150,0.108,24.3,2026-03-03,0.0947,0.0988,0.0988,False,統一城中,1144.015,6042.779,0.8200824372759856,4.331741218637993,,0.0947,False
2026-03-02,3576,聯合再生,統一城中,5854,1140,62,0.055,24.3,2026-03-03,0.0947,0.0988,0.0988,False,凱基城中,1153.0,1070.0,1.0114035087719297,0.9385964912280702,,0.0947,False
2026-03-02,4577,達航科技,國票敦北,779c,117,0,0.000,95.0,2026-03-03,-0.0337,0.0189,-0.0526,False,,1.001,0.0,0.008555555555555556,0.0,,-0.0337,False
2026-03-02,4908,前鼎,國票敦北,779c,225,0,0.000,95.8,2026-03-03,0.0491,0.0960,0.0960,False,富邦總部,454.0,246.989,2.017777777777778,1.097728888888889,2,0.0491,False
2026-03-02,4908,前鼎,富邦總部,9600,497,15,0.030,95.8,2026-03-03,0.0491,0.0960,0.0960,False,國票敦北,589.0,322.0,1.1851106639839035,0.647887323943662,1,0.0491,False
2026-03-02,6432,今展科,統一城中,5854,30,0,0.000,37.0,2026-03-03,0.0541,0.0797,0.0378,False,,11.0,1.0,0.36666666666666664,0.03333333333333333,24,0.0541,False
2026-03-03,2609,陽明,富邦總部,9600,7552,427,0.056,66.0,2026-03-04,0.0439,0.0591,-0.0364,False,,8086.517,1772.971,1.0707782044491525,0.234768405720339,3,0.0439,False
2026-03-03,6152,百一,凱基城中,9227,5023,4,0.001,22.05,2026-03-04,0.0023,0.0068,-0.0998,False,,5023.0,0.0,1.0,0.0,1,0.0023,False
2026-03-03,6205,詮欣,凱基城中,9227,494,0,0.000,56.1,2026-03-04,0.0766,0.0784,-0.0392,False,,497.0,2.0,1.0060728744939271,0.004048582995951417,1,0.0766,False
2026-03-03,6877,鏵友益,凱基城中,9227,634,2,0.003,116.0,2026-03-04,-0.0129,-0.0043,-0.0172,False,,1566.997,13.32,2.4716041009463723,0.021009463722397478,1,-0.0129,False
2026-03-05,2404,漢唐,富邦總部,9600,126,26,0.206,1100.0,2026-03-06,0.0000,0.0273,0.0000,False,,26.606,132.32,0.21115873015873016,1.05015873015873,,0.0,False
2026-03-05,2616,山隆,凱基城中,9227,85,15,0.181,19.8,2026-03-06,0.0985,0.0985,0.0985,False,,90.0,13.988,1.0588235294117647,0.16456470588235295,4,0.0985,False
2026-03-06,2543,皇昌,凱基城中,9227,1650,19,0.011,78.4,2026-03-09,-0.0893,0.0408,-0.0753,False,,1678.0,74.0,1.016969696969697,0.044848484848484846,2,-0.0893,False
2026-03-06,3535,晶彩科,凱基城中,9227,210,5,0.024,148.5,2026-03-09,-0.0774,-0.0101,-0.0101,False,富邦總部,222.0,7.0,1.0571428571428572,0.03333333333333333,4,-0.0774,False
2026-03-06,3535,晶彩科,富邦總部,9600,1078,490,0.455,148.5,2026-03-09,-0.0774,-0.0101,-0.0101,False,凱基城中,1621.3,860.001,1.5039888682745826,0.7977745825602969,1,-0.0774,False
2026-03-09,1314,中石化,凱基城中,9227,23461,18341,0.782,9.81,2026-03-10,-0.0999,-0.0622,-0.0866,False,,5215.0,102.2,0.22228379011977323,0.004356165551340522,5,-0.0999,False
2026-03-10,6861,睿生光電,富邦總部,9600,371,5,0.013,149.0,2026-03-11,0.0973,0.0973,0.0973,False,,20.0,276.0,0.05390835579514825,0.7439353099730458,,0.0973,False
2026-03-11,2388,威盛,凱基城中,9227,237,0,0.000,49.05,2026-03-12,0.0173,0.0377,-0.0010,False,,238.15,1.0,1.0048523206751054,0.004219409282700422,2,0.0173,False
2026-03-11,3006,晶豪科,富邦總部,9600,1149,631,0.549,159.5,2026-03-12,0.0063,0.0564,0.0251,False,,229.11,186.598,0.19939947780678852,0.16240034812880766,21,0.0063,False
2026-03-11,3163,波若威,富邦總部,9600,49,1,0.020,770.0,2026-03-12,0.1000,0.1000,0.0922,False,,0.0,34.0,0.0,0.6938775510204082,,0.1,False
2026-03-11,3529,力旺,國票安和,779Z,42,16,0.383,2485.0,2026-03-12,0.0000,0.0000,-0.0060,False,,21.005,39.01,0.5001190476190476,0.9288095238095239,,0.0,False
2026-03-11,3663,鑫科,富邦總部,9600,499,3,0.006,66.0,2026-03-12,0.0152,0.1000,0.1000,True,,1129.6,937.0,2.26372745490982,1.877755511022044,1,0.0152,True
2026-03-11,3693,營邦,富邦總部,9600,160,15,0.094,419.0,2026-03-12,-0.0048,0.0143,-0.0036,False,,142.2,10.0,0.88875,0.0625,1,-0.0048,False
2026-03-11,6419,京晨科,凱基城中,9227,87,0,0.000,78.3,2026-03-12,0.0996,0.0996,0.0996,True,,0.0,0.0,0.0,0.0,,0.0996,True
2026-03-12,2426,鼎元,富邦總部,9600,5448,4,0.001,30.9,2026-03-13,0.0663,0.0987,0.0955,False,,6653.001,1568.617,1.221182268722467,0.28792529368575626,1,0.0663,False
2026-03-12,3508,位速,富邦總部,9600,222,0,0.000,39.7,2026-03-13,-0.0126,-0.0050,-0.0113,False,,107.0,0.004,0.481981981981982,1.801801801801802e-05,7,-0.0126,False
2026-03-12,4938,和碩,富邦總部,9600,5112,80,0.016,77.1,2026-03-13,-0.0039,0.0233,-0.0169,False,,4770.311,66.535,0.9331594287949921,0.013015453834115806,1,-0.0039,False
2026-03-12,5475,德宏,富邦總部,9600,180,0,0.000,221.0,2026-03-13,-0.0543,0.0995,0.0136,False,,195.061,7.555,1.0836722222222221,0.04197222222222222,3,-0.0543,False
2026-03-13,1735,日勝化,富邦總部,9600,239,1,0.004,23.75,2026-03-16,0.0989,0.0989,0.0989,False,,6.0,0.0,0.02510460251046025,0.0,37,0.0989,False
2026-03-13,3167,大量,凱基城中,9227,409,57,0.139,390.5,2026-03-16,-0.0615,-0.0269,-0.0602,False,,472.0,97.0,1.1540342298288508,0.2371638141809291,4,-0.0615,False
2026-03-13,4949,有成精密,國票安和,779Z,315,0,0.000,68.4,2026-03-16,0.0380,0.0599,-0.0292,False,富邦總部,319.0,0.0,1.0126984126984127,0.0,3,0.038,False
2026-03-13,4949,有成精密,富邦總部,9600,1267,10,0.008,68.4,2026-03-16,0.0380,0.0599,-0.0292,False,國票安和,1181.0,34.0,0.9321231254932912,0.026835043409629045,1,0.038,False
2026-03-13,4973,廣穎,國票安和,779Z,500,10,0.020,67.2,2026-03-16,0.0699,0.0997,0.0997,True,凱基城中|統一城中,503.0,11.001,1.006,0.022002,4,0.0699,True
2026-03-13,4973,廣穎,凱基城中,9227,564,49,0.086,67.2,2026-03-16,0.0699,0.0997,0.0997,True,統一城中|國票安和,575.0,1.0,1.0195035460992907,0.0017730496453900709,2,0.0699,True
2026-03-13,4973,廣穎,統一城中,5854,504,10,0.020,67.2,2026-03-16,0.0699,0.0997,0.0997,True,凱基城中|國票安和,524.0,47.0,1.0396825396825398,0.09325396825396826,5,0.0699,True
2026-03-13,4977,眾達-KY,國票敦北,779c,530,11,0.021,187.0,2026-03-16,0.0401,0.0561,-0.0053,False,,528.008,11.0,0.9962415094339623,0.020754716981132074,4,0.0401,False
2026-03-16,2347,聯強,富邦總部,9600,2372,1,0.000,77.2,2026-03-17,-0.0039,0.0311,0.0181,False,,533.001,1184.012,0.22470531197301855,0.49916188870151773,,-0.0039,False
2026-03-16,2451,創見,富邦總部,9600,495,139,0.281,259.5,2026-03-17,0.0173,0.0983,0.0983,False,,1823.603,1552.002,3.684046464646465,3.135357575757576,1,0.0173,False
2026-03-16,3093,港建*,國票安和,779Z,237,2,0.008,44.6,2026-03-17,0.0762,0.0762,0.0202,False,,9.0,40.004,0.0379746835443038,0.1687932489451477,,0.0762,False
2026-03-16,4720,德淵,富邦總部,9600,363,183,0.504,17.1,2026-03-17,0.0175,0.0205,0.0175,False,,182.0,7.0,0.5013774104683195,0.01928374655647383,4,0.0175,False
2026-03-16,6451,訊芯-KY,富邦總部,9600,220,13,0.059,237.0,2026-03-17,0.0928,0.0992,0.0992,False,,120.0,680.0,0.5454545454545454,3.090909090909091,,0.0928,False
2026-03-17,1735,日勝化,國票安和,779Z,52,0,0.000,28.7,2026-03-18,0.0697,0.0993,0.0958,False,,52.0,1.0,1.0,0.019230769230769232,19,0.0697,False
2026-03-17,2327,國巨*,富邦總部,9600,4542,104,0.023,286.0,2026-03-18,0.0210,0.0350,-0.0192,False,,5032.649,114.867,1.10802487890797,0.02528996036988111,1,0.021,False
2026-03-17,2419,仲琦,富邦總部,9600,1938,0,0.000,31.9,2026-03-18,0.0549,0.0721,-0.0219,False,,1990.0,53.5,1.0268317853457172,0.02760577915376677,1,0.0549,False
2026-03-17,2468,華經,富邦總部,9600,522,5,0.010,41.8,2026-03-18,0.0335,0.0335,-0.0371,False,,521.0,5.0,0.9980842911877394,0.009578544061302681,1,0.0335,False
2026-03-17,2485,兆赫,國票敦北,779c,1724,203,0.118,75.0,2026-03-18,0.0627,0.0933,0.0667,False,富邦總部,1676.04,132.223,0.9721809744779583,0.07669547563805104,6,0.0627,False
2026-03-17,2485,兆赫,富邦總部,9600,4882,924,0.189,75.0,2026-03-18,0.0627,0.0933,0.0667,False,國票敦北,4029.94,549.588,0.8254690700532569,0.11257435477263417,1,0.0627,False
2026-03-17,2492,華新科,國票敦北,779c,513,15,0.029,143.5,2026-03-18,0.0035,0.0209,-0.0139,False,國票安和|富邦總部,514.0,5.0,1.0019493177387915,0.009746588693957114,4,0.0035,False
2026-03-17,2492,華新科,國票安和,779Z,479,8,0.017,143.5,2026-03-18,0.0035,0.0209,-0.0139,False,國票敦北|富邦總部,509.0,40.02,1.0626304801670146,0.0835490605427975,5,0.0035,False
2026-03-17,2492,華新科,富邦總部,9600,2062,58,0.028,143.5,2026-03-18,0.0035,0.0209,-0.0139,False,國票敦北|國票安和,2051.075,57.13,0.9947017458777886,0.027706110572259943,1,0.0035,False
2026-03-17,3066,李洲,國票敦北,779c,278,15,0.054,21.5,2026-03-18,0.0605,0.1000,0.0163,False,,264.0,0.0,0.9496402877697842,0.0,1,0.0605,False
2026-03-17,3529,力旺,富邦總部,9600,92,0,0.000,2810.0,2026-03-18,-0.0107,-0.0053,-0.0302,False,,11.593,244.028,0.1260108695652174,2.6524782608695654,,-0.0107,False
2026-03-17,4923,力士,凱基城中,9227,83,0,0.000,37.55,2026-03-18,0.0999,0.0999,0.0999,True,,0.0,101.0,0.0,1.216867469879518,,0.0999,True
2026-03-17,4927,泰鼎-KY,凱基城中,9227,4660,0,0.000,49.55,2026-03-18,0.0797,0.0858,-0.0817,False,富邦總部,5033.066,390.001,1.0800570815450643,0.0836912017167382,1,0.0797,False
2026-03-17,4927,泰鼎-KY,富邦總部,9600,1505,16,0.011,49.55,2026-03-18,0.0797,0.0858,-0.0817,False,凱基城中,1509.15,12.975,1.0027574750830566,0.008621262458471762,6,0.0797,False
2026-03-17,5274,信驊,國票敦北,779c,20,0,0.000,11320.0,2026-03-18,0.0998,0.0998,0.0905,False,,0.005,25.003,0.00025,1.25015,,0.0998,False
2026-03-17,5351,鈺創,國票敦北,779c,2433,1253,0.515,77.1,2026-03-18,0.0804,0.0999,0.0999,True,富邦總部,1625.914,10.557,0.668275380189067,0.004339087546239211,4,0.0804,True
2026-03-17,5351,鈺創,富邦總部,9600,2808,2024,0.721,77.1,2026-03-18,0.0804,0.0999,0.0999,True,國票敦北,3727.107,1699.628,1.3273173076923077,0.6052806267806268,2,0.0804,True
2026-03-17,6167,久正,凱基城中,9227,2020,1,0.000,15.95,2026-03-18,0.0658,0.0972,0.0282,False,,2023.006,1.1,1.0014881188118812,0.0005445544554455446,1,0.0658,False
2026-03-17,6213,聯茂,富邦總部,9600,2136,993,0.465,154.0,2026-03-18,0.0325,0.0357,-0.0227,False,,1413.15,260.139,0.6615870786516854,0.1217879213483146,1,0.0325,False
2026-03-17,6509,聚和,富邦總部,9600,227,18,0.077,45.75,2026-03-18,-0.0240,0.0142,0.0098,False,,240.07,24.102,1.0575770925110133,0.10617621145374449,6,-0.024,False
2026-03-17,6770,力積電,富邦總部,9600,27325,14495,0.530,71.7,2026-03-18,0.0600,0.0628,0.0028,False,,14721.63,4583.203,0.5387604757548033,0.1677292955169259,6,0.06,False
2026-03-18,2338,光罩,富邦總部,9600,2403,1007,0.419,56.1,2026-03-19,-0.0107,0.0339,-0.0463,False,,1407.0,24.858,0.5855181023720349,0.010344569288389513,1,-0.0107,False
2026-03-18,2345,智邦,富邦總部,9600,263,47,0.180,1600.0,2026-03-19,-0.0094,0.0125,-0.0063,False,,181.866,72.084,0.6915057034220532,0.27408365019011405,5,-0.0094,False
2026-03-18,2436,偉詮電,國票敦北,779c,546,0,0.000,69.3,2026-03-19,-0.0130,0.0303,-0.0462,False,富邦總部,490.0,0.0,0.8974358974358975,0.0,4,-0.013,False
2026-03-18,2436,偉詮電,富邦總部,9600,2333,42,0.018,69.3,2026-03-19,-0.0130,0.0303,-0.0462,False,國票敦北,1911.75,236.162,0.8194384912130305,0.10122674667809688,1,-0.013,False
2026-03-18,2465,麗臺,富邦總部,9600,200,0,0.000,63.8,2026-03-19,0.0031,0.0831,0.0313,False,,200.0,0.0,1.0,0.0,1,0.0031,False
2026-03-18,4923,力士,凱基城中,9227,101,0,0.000,41.3,2026-03-19,-0.0569,-0.0242,-0.0775,False,,150.0,315.0,1.4851485148514851,3.118811881188119,,-0.0569,False
2026-03-18,4991,環宇-KY,富邦總部,9600,694,96,0.138,353.5,2026-03-19,0.0212,0.0990,0.0990,False,,500.0,825.0,0.7204610951008645,1.1887608069164266,,0.0212,False
2026-03-18,5498,凱崴,凱基城中,9227,961,19,0.020,67.2,2026-03-19,0.0000,0.0104,-0.0655,False,富邦總部,956.0,3.0,0.9947970863683663,0.003121748178980229,3,0.0,False
2026-03-18,5498,凱崴,富邦總部,9600,2223,143,0.065,67.2,2026-03-19,0.0000,0.0104,-0.0655,False,凱基城中,1785.82,32.501,0.8033378317588844,0.014620332883490779,1,0.0,False
2026-03-18,6182,合晶,富邦總部,9600,410,52,0.125,36.9,2026-03-19,-0.0149,0.0556,0.0108,False,,466.15,173.201,1.1369512195121951,0.4224414634146341,9,-0.0149,False
2026-03-18,8096,擎亞,國票敦北,779c,1348,309,0.229,89.1,2026-03-19,-0.0056,0.0281,-0.0314,False,統一城中|富邦總部,1505.004,460.0,1.1164718100890207,0.34124629080118696,5,-0.0056,False
2026-03-18,8096,擎亞,統一城中,5854,1163,67,0.058,89.1,2026-03-19,-0.0056,0.0281,-0.0314,False,國票敦北|富邦總部,1714.45,622.143,1.4741616509028375,0.5349466895958728,3,-0.0056,False
2026-03-18,8096,擎亞,富邦總部,9600,3021,547,0.181,89.1,2026-03-19,-0.0056,0.0281,-0.0314,False,統一城中|國票敦北,2840.008,338.557,0.940088712346905,0.11206785832505793,1,-0.0056,False
2026-03-19,1305,華夏,凱基城中,9227,6238,2210,0.354,15.45,2026-03-20,0.0939,0.0971,0.0874,False,,6185.0,2190.0,0.991503687079192,0.3510740621994229,1,0.0939,False
2026-03-19,1710,東聯,富邦總部,9600,1994,500,0.251,14.85,2026-03-20,0.0673,0.0976,0.0337,False,,2563.222,1075.0,1.28546740220662,0.5391173520561685,4,0.0673,False
2026-03-19,2489,瑞軒,凱基城中,9227,642,23,0.036,42.9,2026-03-20,0.0991,0.0991,-0.0991,False,統一城中,4712.995,230.649,7.341113707165109,0.3592663551401869,5,0.0991,False
2026-03-19,2489,瑞軒,統一城中,5854,558,2,0.004,42.9,2026-03-20,0.0991,0.0991,-0.0991,False,凱基城中,97.678,101.254,0.17505017921146954,0.18145878136200716,,0.0991,False
2026-03-19,3135,凌航,國票敦北,779c,483,171,0.354,143.0,2026-03-20,0.0979,0.0979,0.0979,False,統一城中|國票安和,84.0,0.999,0.17391304347826086,0.0020683229813664595,2,0.0979,False
2026-03-19,3135,凌航,國票安和,779Z,459,23,0.050,143.0,2026-03-20,0.0979,0.0979,0.0979,False,統一城中|國票敦北,19.0,1036.0,0.04139433551198257,2.2570806100217866,,0.0979,False
2026-03-19,3135,凌航,統一城中,5854,538,18,0.033,143.0,2026-03-20,0.0979,0.0979,0.0979,False,國票敦北|國票安和,0.0,0.0,0.0,0.0,,0.0979,False
2026-03-19,3234,光環,富邦總部,9600,1306,1,0.001,93.5,2026-03-20,0.0652,0.0909,0.0481,False,,911.394,4.04,0.6978514548238898,0.003093415007656968,1,0.0652,False
2026-03-19,3587,閎康,凱基城中,9227,602,5,0.008,209.0,2026-03-20,0.0981,0.0981,0.0981,False,,6.0,0.0,0.009966777408637873,0.0,,0.0981,False
2026-03-19,3693,營邦,國票安和,779Z,224,9,0.040,583.0,2026-03-20,0.0600,0.0600,-0.0823,False,統一城中|富邦總部,174.15,62.801,0.7774553571428572,0.2803616071428571,9,0.06,False
2026-03-19,3693,營邦,統一城中,5854,192,5,0.026,583.0,2026-03-20,0.0600,0.0600,-0.0823,False,國票安和|富邦總部,394.0,241.0,2.0520833333333335,1.2552083333333333,6,0.06,False
2026-03-19,3693,營邦,富邦總部,9600,553,4,0.007,583.0,2026-03-20,0.0600,0.0600,-0.0823,False,統一城中|國票安和,729.1,285.161,1.3184448462929477,0.5156618444846293,1,0.06,False
2026-03-19,4919,新唐,富邦總部,9600,1581,210,0.133,99.4,2026-03-20,0.0966,0.0966,0.0966,False,,1668.345,1443.106,1.055246679316888,0.9127805186590765,4,0.0966,False
2026-03-19,6274,台燿,國票敦北,779c,924,111,0.120,584.0,2026-03-20,0.0240,0.0274,-0.0514,False,統一城中|富邦總部,235.1,279.82,0.25443722943722946,0.30283549783549785,,0.024,False
2026-03-19,6274,台燿,統一城中,5854,667,18,0.026,584.0,2026-03-20,0.0240,0.0274,-0.0514,False,國票敦北|富邦總部,11.234,20.056,0.01684257871064468,0.030068965517241378,,0.024,False
2026-03-19,6274,台燿,富邦總部,9600,2355,32,0.014,584.0,2026-03-20,0.0240,0.0274,-0.0514,False,統一城中|國票敦北,1175.903,437.198,0.49932186836518044,0.18564670912951167,2,0.024,False
2026-03-20,2369,菱生,富邦總部,9600,6210,5051,0.813,35.75,2026-03-23,0.0014,0.0839,-0.0476,False,,3383.1,1426.593,0.5447826086956522,0.22972512077294685,4,0.0014,False
2026-03-20,6547,高端疫苗,國票安和,779Z,138,2,0.014,49.6,2026-03-23,0.0000,0.0988,0.0988,False,,139.0,0.0,1.0072463768115942,0.0,5,0.0,False
2026-03-20,6584,南俊國際,國票安和,779Z,60,0,0.000,502.0,2026-03-23,-0.0996,0.0438,0.0219,False,,65.0,2.001,1.0833333333333333,0.03335,4,-0.0996,False
2026-03-20,6781,AES-KY,富邦總部,9600,84,1,0.012,1100.0,2026-03-23,-0.0091,0.0409,-0.0409,False,,71.766,16.19,0.8543571428571428,0.19273809523809524,4,-0.0091,False
2026-03-23,1308,亞聚,富邦總部,9600,898,14,0.016,18.15,2026-03-24,-0.0634,0.0854,-0.0275,False,,943.0,82.042,1.0501113585746102,0.0913608017817372,2,-0.0634,False
2026-03-23,7728,光焱科技,富邦總部,9600,113,0,0.000,891.0,2026-03-24,0.0999,0.0999,-0.0999,False,,324.0,241.415,2.8672566371681416,2.13641592920354,2,0.0999,False
2026-03-24,6725,矽科宏晟,凱基城中,9227,153,11,0.073,281.0,2026-03-25,0.0427,0.0996,0.0463,False,,140.1,16.0,0.9156862745098039,0.10457516339869281,1,0.0427,False
2026-03-24,7810,捷創科技,國票安和,779Z,18,0,0.000,270.0,2026-03-25,0.0593,0.0593,0.0093,False,,20.6,0.0,1.1444444444444444,0.0,10,0.0593,False
2026-03-25,2367,燿華,富邦總部,9600,4578,1391,0.304,75.1,2026-03-26,0.0386,0.0985,0.0027,False,,5529.407,2042.613,1.2078215377894277,0.4461802096985583,3,0.0386,False
2026-03-25,3081,聯亞,富邦總部,9600,24,0,0.000,1540.0,2026-03-26,-0.0260,0.0974,0.0974,False,,250.314,107.001,10.42975,4.458375,1,-0.026,False
2026-03-25,3211,順達,富邦總部,9600,1793,787,0.439,347.5,2026-03-26,0.0475,0.0993,0.0417,False,,995.11,1183.002,0.5549972113775795,0.6597891801450083,,0.0475,False
2026-03-25,3533,嘉澤,富邦總部,9600,237,125,0.526,2150.0,2026-03-26,0.0326,0.0674,0.0558,False,,25.495,157.006,0.10757383966244725,0.6624725738396624,,0.0326,False
2026-03-25,3583,辛耘,統一城中,5854,273,0,0.000,497.0,2026-03-26,0.0402,0.0704,0.0080,False,富邦總部,279.0,19.379,1.021978021978022,0.07098534798534799,3,0.0402,False
2026-03-25,3583,辛耘,富邦總部,9600,602,7,0.012,497.0,2026-03-26,0.0402,0.0704,0.0080,False,統一城中,605.11,23.13,1.0051661129568106,0.038421926910299005,1,0.0402,False
2026-03-25,6451,訊芯-KY,富邦總部,9600,130,0,0.000,319.0,2026-03-26,0.0000,0.0987,0.0408,False,,330.0,99.0,2.5384615384615383,0.7615384615384615,1,0.0,False
2026-03-25,7717,萊德光電-KY,國票敦北,779c,4,0,0.000,638.0,2026-03-26,0.0987,0.0987,0.0987,False,,4.0,2.0,1.0,0.5,,0.0987,False
2026-03-26,3310,佳穎,國票安和,779Z,319,0,0.000,83.9,2026-03-27,-0.0048,-0.0048,-0.0965,False,,0.0,0.0,0.0,0.0,,-0.0048,False
2026-03-26,6609,瀧澤科,凱基城中,9227,8,0,0.000,37.95,2026-03-27,0.0988,0.0988,0.0988,False,,8.0,0.0,1.0,0.0,18,0.0988,False
2026-03-27,2484,希華,富邦總部,9600,1001,501,0.500,30.9,2026-03-30,-0.0032,0.0243,-0.0890,False,,507.0,15.001,0.5064935064935064,0.014986013986013985,3,-0.0032,False
2026-03-27,3715,定穎投控,凱基城中,9227,1223,35,0.029,203.5,2026-03-30,-0.0197,-0.0025,-0.0909,False,,1216.35,53.001,0.9945625511038431,0.04333687653311529,10,-0.0197,False
2026-03-27,4919,新唐,富邦總部,9600,2101,1567,0.746,102.5,2026-03-30,-0.0244,-0.0098,-0.0741,False,,659.002,106.414,0.3136611137553546,0.050649214659685866,3,-0.0244,False
2026-03-27,7717,萊德光電-KY,富邦總部,9600,106,0,0.000,771.0,2026-03-30,0.0350,0.0700,-0.0493,False,,100.0,3.004,0.9433962264150944,0.028339622641509434,1,0.035,False
2026-03-27,7780,大研生醫*,凱基城中,9227,2335,3,0.001,22.0,2026-03-30,0.0523,0.0636,-0.0455,False,,2679.994,63.025,1.1477490364025695,0.026991434689507494,1,0.0523,False
2026-03-30,2231,為升,富邦總部,9600,358,78,0.218,137.5,2026-03-31,-0.0036,-0.0036,-0.0982,False,,368.0,11.0,1.0279329608938548,0.030726256983240222,1,-0.0036,False
2026-03-30,3545,敦泰,富邦總部,9600,356,0,0.000,49.7,2026-03-31,-0.0252,-0.0060,-0.0463,False,,1.0,58.001,0.0028089887640449437,0.1629241573033708,,-0.0252,False
2026-03-31,1528,恩德,國票敦北,779c,967,7,0.007,26.95,2026-04-01,0.0371,0.0668,-0.0315,False,統一城中|富邦總部,966.0,10.0,0.9989658738366081,0.010341261633919338,5,0.0371,False
2026-03-31,1528,恩德,統一城中,5854,1020,27,0.026,26.95,2026-04-01,0.0371,0.0668,-0.0315,False,國票敦北|富邦總部,1084.0,96.0,1.0627450980392157,0.09411764705882353,4,0.0371,False
2026-03-31,1528,恩德,富邦總部,9600,5250,40,0.008,26.95,2026-04-01,0.0371,0.0668,-0.0315,False,統一城中|國票敦北,5372.0,173.14,1.0232380952380953,0.032979047619047616,1,0.0371,False
2026-04-01,2337,旺宏,凱基城中,9227,1500,4,0.003,127.0,2026-04-02,0.0866,0.0866,0.0157,False,富邦總部,80.15,0.55,0.05343333333333333,0.00036666666666666667,22,0.0866,False
2026-04-01,2337,旺宏,富邦總部,9600,2001,42,0.021,127.0,2026-04-02,0.0866,0.0866,0.0157,False,凱基城中,3421.53,2824.566,1.7099100449775113,1.4115772113943028,7,0.0866,False
2026-04-01,2368,金像電,富邦總部,9600,1004,14,0.014,946.0,2026-04-02,0.0328,0.0359,-0.0433,False,,1004.885,255.272,1.0008814741035856,0.2542549800796813,1,0.0328,False
2026-04-01,2383,台光電,富邦總部,9600,236,8,0.035,2860.0,2026-04-02,0.0210,0.0367,-0.0262,False,,194.155,65.225,0.8226906779661017,0.2763771186440678,3,0.021,False
2026-04-01,2409,友達,富邦總部,9600,21986,91,0.004,15.95,2026-04-02,0.0345,0.0909,0.0564,False,,27405.094,5221.806,1.2464793050122804,0.23750595833712362,1,0.0345,False
2026-04-01,4906,正文,凱基城中,9227,1058,79,0.075,39.65,2026-04-02,0.0479,0.0593,-0.0088,False,富邦總部,1147.0,203.0,1.0841209829867675,0.19187145557655955,6,0.0479,False
2026-04-01,4906,正文,富邦總部,9600,5674,863,0.152,39.65,2026-04-02,0.0479,0.0593,-0.0088,False,凱基城中,7899.058,2966.5,1.3921498061332394,0.5228234050052872,3,0.0479,False
2026-04-01,6727,亞泰金屬,富邦總部,9600,323,2,0.006,325.5,2026-04-02,0.0230,0.0998,0.0998,True,,324.0,191.0,1.0030959752321982,0.5913312693498453,1,0.023,True
2026-04-01,6805,富世達,國票安和,779Z,17,1,0.061,1925.0,2026-04-02,0.0078,0.0416,-0.0208,False,富邦總部,5.0,1.0,0.29411764705882354,0.058823529411764705,24,0.0078,False
2026-04-01,6805,富世達,富邦總部,9600,232,0,0.000,1925.0,2026-04-02,0.0078,0.0416,-0.0208,False,國票安和,6.426,3.431,0.027698275862068966,0.014788793103448276,31,0.0078,False
2026-04-01,7717,萊德光電-KY,國票敦北,779c,13,0,0.000,726.0,2026-04-02,0.0441,0.0785,0.0069,False,,13.0,0.0,1.0,0.0,8,0.0441,False
2026-04-01,8046,南電,富邦總部,9600,472,227,0.481,574.0,2026-04-02,0.0244,0.0923,-0.0105,False,,190.293,373.434,0.4031631355932203,0.7911737288135593,,0.0244,False
2026-04-02,1309,台達化,統一城中,5854,1332,11,0.008,25.95,2026-04-07,0.0116,0.0405,0.0212,False,富邦總部,1778.013,448.0,1.3348445945945946,0.33633633633633636,5,0.0116,False
2026-04-02,1309,台達化,富邦總部,9600,3184,69,0.022,25.95,2026-04-07,0.0116,0.0405,0.0212,False,統一城中,3271.0,216.951,1.027324120603015,0.0681378768844221,1,0.0116,False
2026-04-02,4741,泓瀚,國票安和,779Z,200,2,0.010,40.7,2026-04-07,0.0909,0.0995,0.0995,True,,0.0,0.0,0.0,0.0,,0.0909,True
2026-04-02,6727,亞泰金屬,國票敦北,779c,80,0,0.000,358.0,2026-04-07,0.0601,0.0615,-0.0098,False,統一城中,80.0,1.0,1.0,0.0125,7,0.0601,False
2026-04-02,6727,亞泰金屬,統一城中,5854,115,0,0.000,358.0,2026-04-07,0.0601,0.0615,-0.0098,False,國票敦北,116.0,3.001,1.008695652173913,0.026095652173913044,4,0.0601,False
2026-04-07,6213,聯茂,富邦總部,9600,765,47,0.061,187.0,2026-04-08,0.0374,0.0695,0.0535,False,,857.479,124.043,1.1208875816993464,0.16214771241830064,6,0.0374,False
2026-04-07,6274,台燿,國票敦北,779c,594,2,0.004,683.0,2026-04-08,0.0586,0.0776,0.0615,False,統一城中|富邦總部,636.22,164.515,1.071077441077441,0.27696127946127946,3,0.0586,False
2026-04-07,6274,台燿,統一城中,5854,452,12,0.027,683.0,2026-04-08,0.0586,0.0776,0.0615,False,國票敦北|富邦總部,440.262,20.003,0.9740309734513274,0.04425442477876106,4,0.0586,False
2026-04-07,6274,台燿,富邦總部,9600,1306,36,0.027,683.0,2026-04-08,0.0586,0.0776,0.0615,False,統一城中|國票敦北,1486.129,666.487,1.1379241960183768,0.5103269525267994,1,0.0586,False
2026-04-07,6451,訊芯-KY,國票安和,779Z,346,16,0.046,325.0,2026-04-08,0.1000,0.1000,0.1000,True,,0.02,3.0,5.7803468208092484e-05,0.008670520231213872,,0.1,True
2026-04-07,8086,宏捷科,凱基城中,9227,1509,401,0.265,138.0,2026-04-08,0.0580,0.0761,0.0543,False,富邦總部,1121.001,16.5,0.7428767395626242,0.010934393638170975,1,0.058,False
2026-04-07,8086,宏捷科,富邦總部,9600,1279,825,0.646,138.0,2026-04-08,0.0580,0.0761,0.0543,False,凱基城中,499.12,56.105,0.3902423768569195,0.043866301798279904,2,0.058,False
2026-04-08,1717,長興,富邦總部,9600,3338,18,0.005,67.1,2026-04-09,0.0075,0.0999,0.0999,True,,3455.137,5940.383,1.0350919712402635,1.7796234272019174,,0.0075,True
2026-04-08,2419,仲琦,凱基城中,9227,962,11,0.011,36.95,2026-04-09,0.0690,0.0785,0.0000,False,統一城中|富邦總部,976.0,42.0,1.0145530145530146,0.04365904365904366,4,0.069,False
2026-04-08,2419,仲琦,統一城中,5854,1102,5,0.005,36.95,2026-04-09,0.0690,0.0785,0.0000,False,凱基城中|富邦總部,1103.0,23.0,1.0009074410163339,0.020871143375680582,3,0.069,False
2026-04-08,2419,仲琦,富邦總部,9600,1904,27,0.014,36.95,2026-04-09,0.0690,0.0785,0.0000,False,凱基城中|統一城中,1962.0,48.3,1.0304621848739495,0.02536764705882353,1,0.069,False
2026-04-08,2426,鼎元,凱基城中,9227,2677,1031,0.385,39.1,2026-04-09,0.0588,0.0997,0.0997,True,,1665.0,3670.0,0.6219648860664924,1.3709376167351512,,0.0588,True
2026-04-08,2476,鉅祥,國票安和,779Z,1541,12,0.008,94.9,2026-04-09,0.0200,0.0906,0.0695,False,,7.025,246.0,0.004558728098637248,0.15963659961064244,,0.02,False
2026-04-08,3234,光環,凱基城中,9227,1641,2,0.001,95.8,2026-04-09,0.0428,0.0960,0.0960,False,,1446.0,16.706,0.8811700182815356,0.010180377818403412,1,0.0428,False
2026-04-08,3555,博士旺,統一城中,5854,6,0,0.000,181.5,2026-04-09,0.0992,0.0992,-0.0220,False,,7.0,27.0,1.1666666666666667,4.5,,0.0992,False
2026-04-08,4576,大銀微系統,富邦總部,9600,402,7,0.018,149.0,2026-04-09,0.0336,0.0973,0.0973,False,,346.0,946.01,0.8606965174129353,2.3532587064676616,,0.0336,False
2026-04-08,4958,臻鼎-KY,富邦總部,9600,4289,2303,0.537,247.5,2026-04-09,0.0121,0.0949,0.0646,False,,3017.777,337.961,0.7036085334576825,0.07879715551410585,1,0.0121,False
2026-04-08,4989,榮科,富邦總部,9600,1419,49,0.034,69.3,2026-04-09,0.0303,0.0996,0.0592,False,,6661.35,5247.1,4.694397463002114,3.6977448907681465,1,0.0303,False
2026-04-08,6515,穎崴,富邦總部,9600,12,0,0.001,7810.0,2026-04-09,0.0685,0.0685,0.0237,False,,0.073,8.002,0.006083333333333333,0.6668333333333333,,0.0685,False
2026-04-08,6919,康霈*,國票安和,779Z,473,2,0.004,115.5,2026-04-09,0.0390,0.0390,-0.0173,False,統一城中|富邦總部,481.0,40.0,1.0169133192389006,0.08456659619450317,7,0.039,False
2026-04-08,6919,康霈*,統一城中,5854,474,3,0.007,115.5,2026-04-09,0.0390,0.0390,-0.0173,False,國票安和|富邦總部,774.0,303.0,1.6329113924050633,0.6392405063291139,5,0.039,False
2026-04-08,6919,康霈*,富邦總部,9600,1464,10,0.007,115.5,2026-04-09,0.0390,0.0390,-0.0173,False,統一城中|國票安和,1723.0,349.563,1.1769125683060109,0.23877254098360656,1,0.039,False
2026-04-08,7792,安葆,富邦總部,9600,162,0,0.000,347.0,2026-04-09,0.0000,0.0360,-0.0058,False,,15.0,0.0,0.09259259259259259,0.0,3,0.0,False
2026-04-09,1717,長興,富邦總部,9600,5940,3455,0.582,73.8,2026-04-10,0.0515,0.0921,0.0840,False,,6116.306,528.654,1.0296811447811447,0.0889989898989899,1,0.0515,False
2026-04-09,2409,友達,富邦總部,9600,91248,47581,0.521,18.75,2026-04-10,0.0347,0.0400,-0.0320,False,,46297.99,3319.609,0.5073863536735052,0.036380074083815536,2,0.0347,False
2026-04-09,2426,鼎元,凱基城中,9227,3670,1665,0.454,43.0,2026-04-10,0.1000,0.1000,0.1000,True,富邦總部,5740.5,6861.0,1.5641689373297003,1.8694822888283378,,0.1,True
2026-04-09,2426,鼎元,富邦總部,9600,2001,1388,0.693,43.0,2026-04-10,0.1000,0.1000,0.1000,True,凱基城中,7001.55,5001.1,3.4990254872563717,2.4993003498250874,1,0.1,True
2026-04-09,2702,華園,國票安和,779Z,470,0,0.000,14.3,2026-04-10,0.0455,0.0490,0.0175,False,,0.0,0.0,0.0,0.0,,0.0455,False
2026-04-09,6217,中探針,富邦總部,9600,1241,118,0.095,215.0,2026-04-10,0.0698,0.1000,0.1000,True,,467.37,1470.701,0.376607574536664,1.1850934730056406,,0.0698,True
2026-04-09,6664,群翊,富邦總部,9600,547,10,0.019,386.0,2026-04-10,0.0699,0.0777,-0.0013,False,,553.227,25.497,1.0113839122486288,0.04661243144424131,1,0.0699,False
2026-04-09,6683,雍智科技,富邦總部,9600,176,1,0.006,1595.0,2026-04-10,0.0125,0.0846,0.0658,False,,292.025,90.752,1.6592329545454545,0.5156363636363637,1,0.0125,False
2026-04-09,8064,東捷,富邦總部,9600,4082,584,0.143,78.3,2026-04-10,0.0217,0.0460,-0.0064,False,,48.1,230.03,0.01178343949044586,0.056352278294953456,,0.0217,False
2026-04-10,1785,光洋科,富邦總部,9600,1108,0,0.000,115.5,2026-04-13,0.0996,0.0996,0.0996,True,,1.0,691.0,0.0009025270758122744,0.6236462093862816,,0.0996,True
2026-04-10,2426,鼎元,凱基城中,9227,6861,5740,0.837,47.3,2026-04-13,0.0698,0.0994,0.0994,False,,1855.481,1266.0,0.2704388573094301,0.1845212068211631,1,0.0698,False
2026-04-10,3030,德律,富邦總部,9600,516,155,0.301,303.0,2026-04-13,0.0165,0.0693,0.0248,False,,398.892,16.21,0.7730465116279069,0.031414728682170545,3,0.0165,False
2026-04-10,4949,有成精密,凱基城中,9227,771,362,0.470,84.7,2026-04-13,0.0449,0.0992,0.0992,False,富邦總部,485.201,48.629,0.6293138780804151,0.06307263294422827,1,0.0449,False
2026-04-10,4949,有成精密,富邦總部,9600,503,4,0.008,84.7,2026-04-13,0.0449,0.0992,0.0992,False,凱基城中,536.0,443.31,1.065606361829026,0.8813320079522863,6,0.0449,False
2026-04-10,6217,中探針,富邦總部,9600,1471,467,0.318,236.5,2026-04-13,0.0021,0.0973,0.0148,False,,3801.697,2337.873,2.584430319510537,1.5893086335825968,1,0.0021,False
2026-04-10,6903,巨漢,國票敦北,779c,141,1,0.007,391.0,2026-04-13,0.0486,0.0716,0.0320,False,富邦總部,140.707,2.0,0.9979219858156029,0.014184397163120567,2,0.0486,False
2026-04-10,6903,巨漢,富邦總部,9600,317,1,0.004,391.0,2026-04-13,0.0486,0.0716,0.0320,False,國票敦北,321.0,7.047,1.0126182965299684,0.022230283911671925,1,0.0486,False
2026-04-10,7772,耀穎,國票安和,779Z,30,0,0.000,128.5,2026-04-13,-0.0574,0.1323,0.1323,False,,25.0,4.0,0.8333333333333334,0.13333333333333333,9,-0.0574,False
2026-04-13,1595,川寶,凱基城中,9227,1170,0,0.000,47.85,2026-04-14,0.0888,0.0972,0.0408,False,,1194.0,32.992,1.0205128205128204,0.0281982905982906,1,0.0888,False
2026-04-13,1597,直得,富邦總部,9600,140,0,0.000,109.0,2026-04-14,0.0963,0.0963,0.0963,False,,0.002,1731.0,1.4285714285714285e-05,12.364285714285714,,0.0963,False
2026-04-13,1785,光洋科,國票安和,779Z,402,5,0.013,127.0,2026-04-14,0.0984,0.0984,0.0984,False,富邦總部,0.0,30.0,0.0,0.07462686567164178,,0.0984,False
2026-04-13,1785,光洋科,富邦總部,9600,691,1,0.001,127.0,2026-04-14,0.0984,0.0984,0.0984,False,國票安和,201.002,0.0,0.29088567293777134,0.0,2,0.0984,False
2026-04-13,2402,毅嘉,富邦總部,9600,2792,1333,0.477,67.4,2026-04-14,0.0534,0.0994,0.0742,False,,2082.118,384.252,0.7457442693409743,0.13762607449856734,3,0.0534,False
2026-04-13,3289,宜特,富邦總部,9600,288,14,0.050,171.0,2026-04-14,0.0643,0.0994,0.0994,False,,275.0,1104.0,0.9548611111111112,3.8333333333333335,,0.0643,False
2026-04-13,3532,台勝科,富邦總部,9600,1196,61,0.051,182.0,2026-04-14,0.0110,0.0687,-0.0165,False,,898.126,3.609,0.7509414715719064,0.0030175585284280934,1,0.011,False
2026-04-13,3645,達邁,凱基城中,9227,713,18,0.026,90.4,2026-04-14,0.0730,0.0741,-0.0166,False,富邦總部,924.0,44.0,1.2959326788218795,0.061711079943899017,3,0.073,False
2026-04-13,3645,達邁,富邦總部,9600,2098,986,0.470,90.4,2026-04-14,0.0730,0.0741,-0.0166,False,凱基城中,1450.0,144.001,0.6911344137273594,0.06863727359389896,2,0.073,False
2026-04-13,3714,富采,富邦總部,9600,4124,1107,0.268,57.2,2026-04-14,0.0997,0.0997,0.0997,True,,0.104,1130.0,2.521823472356935e-05,0.27400581959262854,,0.0997,True
2026-04-13,4576,大銀微系統,國票敦北,779c,307,0,0.000,181.5,2026-04-14,0.0964,0.0992,0.0606,False,國票安和|富邦總部,312.0,3.0,1.01628664495114,0.009771986970684038,3,0.0964,False
2026-04-13,4576,大銀微系統,國票安和,779Z,287,21,0.073,181.5,2026-04-14,0.0964,0.0992,0.0606,False,國票敦北|富邦總部,353.0,219.003,1.2299651567944252,0.7630766550522649,6,0.0964,False
2026-04-13,4576,大銀微系統,富邦總部,9600,335,1,0.003,181.5,2026-04-14,0.0964,0.0992,0.0606,False,國票敦北|國票安和,647.001,314.25,1.9313462686567164,0.9380597014925374,2,0.0964,False
2026-04-13,4764,雙鍵,國票敦北,779c,100,0,0.000,170.5,2026-04-14,0.0997,0.0997,0.0997,True,,0.0,0.0,0.0,0.0,,0.0997,True
2026-04-13,5706,鳳凰,國票敦北,779c,21,0,0.000,57.2,2026-04-14,-0.0472,-0.0472,-0.0822,False,,0.0,0.0,0.0,0.0,,-0.0472,False
2026-04-13,6173,信昌電,國票敦北,779c,402,6,0.015,71.8,2026-04-14,0.0111,0.0320,0.0209,False,統一城中|國票安和|富邦總部,403.0,1.0,1.0024875621890548,0.0024875621890547263,3,0.0111,False
2026-04-13,6173,信昌電,國票安和,779Z,404,2,0.005,71.8,2026-04-14,0.0111,0.0320,0.0209,False,統一城中|國票敦北|富邦總部,403.01,10.0,0.9975495049504951,0.024752475247524754,5,0.0111,False
2026-04-13,6173,信昌電,統一城中,5854,401,0,0.000,71.8,2026-04-14,0.0111,0.0320,0.0209,False,國票敦北|國票安和|富邦總部,565.001,175.0,1.4089800498753118,0.43640897755610975,6,0.0111,False
2026-04-13,6173,信昌電,富邦總部,9600,577,10,0.018,71.8,2026-04-14,0.0111,0.0320,0.0209,False,統一城中|國票敦北|國票安和,598.506,75.329,1.0372720970537261,0.13055285961871751,2,0.0111,False
2026-04-13,6285,啟碁,富邦總部,9600,1779,184,0.104,248.0,2026-04-14,0.0121,0.0121,-0.0968,False,,1958.653,714.606,1.1009853850477795,0.4016897133220911,5,0.0121,False
2026-04-13,6419,京晨科,國票安和,779Z,26,0,0.000,110.5,2026-04-14,0.0995,0.0995,0.0995,True,,0.0,42.0,0.0,1.6153846153846154,,0.0995,True
2026-04-13,6451,訊芯-KY,富邦總部,9600,413,269,0.651,475.0,2026-04-14,0.0505,0.0947,0.0021,False,,284.2,79.23,0.688135593220339,0.19184019370460048,4,0.0505,False
2026-04-13,6789,采鈺,富邦總部,9600,493,176,0.358,370.0,2026-04-14,0.0405,0.1000,0.1000,True,,636.42,428.221,1.2909127789046653,0.8686024340770792,3,0.0405,True
2026-04-13,8042,金山電,富邦總部,9600,1052,10,0.010,61.6,2026-04-14,0.0308,0.0666,0.0552,False,,1084.0,53.244,1.0304182509505704,0.05061216730038023,1,0.0308,False
2026-04-14,2049,上銀,富邦總部,9600,1329,152,0.114,275.0,2026-04-15,0.0145,0.0691,0.0255,False,,1037.905,43.164,0.7809668924003009,0.032478555304740406,1,0.0145,False
2026-04-14,2409,友達,富邦總部,9600,29195,2580,0.088,19.8,2026-04-15,0.0076,0.0404,0.0126,False,,29390.696,9376.581,1.0067030655934235,0.3211707826682651,2,0.0076,False
2026-04-14,3673,TPK-KY,富邦總部,9600,1015,0,0.000,60.5,2026-04-15,0.0661,0.0992,0.0992,False,,570.0,2985.0,0.5615763546798029,2.9408866995073892,,0.0661,False
2026-04-14,3707,漢磊,凱基城中,9227,2589,4,0.002,56.2,2026-04-15,0.0000,0.0089,-0.0285,False,,2787.0,203.0,1.0764774044032446,0.07840865198918501,1,0.0,False
2026-04-14,3713,新晶投控,凱基城中,9227,20,0,0.000,16.0,2026-04-15,0.0594,0.0938,0.0625,False,,0.0,0.0,0.0,0.0,,0.0594,False
2026-04-14,3714,富采,國票安和,779Z,3221,8,0.002,62.9,2026-04-15,0.0986,0.0986,0.0986,False,富邦總部,7.0,2986.0,0.002173238124805961,0.9270412915243713,,0.0986,False
2026-04-14,3714,富采,富邦總部,9600,1130,0,0.000,62.9,2026-04-15,0.0986,0.0986,0.0986,False,國票安和,1.0,801.0,0.0008849557522123894,0.7088495575221239,,0.0986,False
2026-04-14,4919,新唐,國票安和,779Z,1630,64,0.039,110.5,2026-04-15,0.0181,0.0543,-0.0317,False,,335.0,22.0,0.20552147239263804,0.013496932515337423,9,0.0181,False
2026-04-14,6419,京晨科,國票安和,779Z,42,0,0.000,121.5,2026-04-15,0.0741,0.0988,0.0206,False,,68.0,0.0,1.619047619047619,0.0,2,0.0741,False
2026-04-14,6456,GIS-KY,國票敦北,779c,240,12,0.050,63.8,2026-04-15,0.0376,0.0987,0.0987,False,國票安和,271.004,31.34,1.1291833333333334,0.13058333333333333,7,0.0376,False
2026-04-14,6456,GIS-KY,國票安和,779Z,244,3,0.012,63.8,2026-04-15,0.0376,0.0987,0.0987,False,國票敦北,515.02,14.005,2.1107377049180327,0.057397540983606554,1,0.0376,False
2026-04-14,6789,采鈺,統一城中,5854,313,136,0.434,407.0,2026-04-15,0.0061,0.0553,0.0074,False,,170.0,27.024,0.5431309904153354,0.08633865814696486,7,0.0061,False
2026-04-14,7772,耀穎,國票安和,779Z,25,2,0.080,159.5,2026-04-15,-0.0761,0.0533,-0.0564,False,,22.003,0.0,0.88012,0.0,2,-0.0761,False
2026-04-15,1528,恩德,富邦總部,9600,1775,39,0.022,30.35,2026-04-16,0.0313,0.0461,-0.0181,False,,816.0,115.967,0.4597183098591549,0.06533352112676057,9,0.0313,False
2026-04-15,2495,普安,國票敦北,779c,768,3,0.004,45.2,2026-04-16,-0.0088,-0.0044,-0.0354,False,富邦總部,767.0,753.0,0.9986979166666666,0.98046875,,-0.0088,False
2026-04-15,2495,普安,富邦總部,9600,1451,33,0.022,45.2,2026-04-16,-0.0088,-0.0044,-0.0354,False,國票敦北,108.0,51.771,0.07443142660234321,0.035679531357684355,18,-0.0088,False
2026-04-15,4960,誠美材,富邦總部,9600,7135,4662,0.653,28.05,2026-04-16,0.0945,0.0998,0.0998,True,,401.0,1873.0,0.05620182200420463,0.26250875963559916,,0.0945,True
2026-04-15,5439,高技,富邦總部,9600,759,321,0.423,396.5,2026-04-16,0.0113,0.0290,-0.0101,False,,733.763,206.654,0.9667496706192359,0.2722714097496706,2,0.0113,False
2026-04-15,6141,柏承,凱基城中,9227,1357,0,0.000,25.85,2026-04-16,0.0986,0.0986,0.0986,False,,0.0,1.0,0.0,0.0007369196757553427,,0.0986,False
2026-04-15,6274,台燿,富邦總部,9600,554,138,0.248,946.0,2026-04-16,-0.0011,0.0391,0.0148,False,,201.013,21.576,0.3628393501805054,0.038945848375451265,6,-0.0011,False
2026-04-15,6530,創威,富邦總部,9600,898,14,0.016,104.5,2026-04-16,0.0478,0.0957,0.0957,False,,318.15,894.0,0.35428730512249446,0.9955456570155902,,0.0478,False
2026-04-15,6715,嘉基,富邦總部,9600,303,46,0.152,430.0,2026-04-16,0.0349,0.0698,-0.0244,False,,268.0,37.0,0.8844884488448845,0.12211221122112212,1,0.0349,False
2026-04-15,7556,意德士,凱基城中,9227,7,0,0.000,264.0,2026-04-16,0.0606,0.0644,0.0227,False,,3.0,4.0,0.42857142857142855,0.5714285714285714,,0.0606,False
2026-04-16,2303,聯電,富邦總部,9600,37602,24873,0.661,68.3,2026-04-17,0.0000,0.0952,0.0688,False,,30649.667,38681.838,0.8151073613105686,1.0287175682144567,,0.0,False
2026-04-16,2484,希華,凱基城中,9227,1116,18,0.016,40.3,2026-04-17,0.0856,0.0881,0.0521,False,富邦總部,1124.001,62.0,1.0071693548387097,0.05555555555555555,3,0.0856,False
2026-04-16,2484,希華,富邦總部,9600,2765,22,0.008,40.3,2026-04-17,0.0856,0.0881,0.0521,False,凱基城中,2773.01,28.8,1.002896925858951,0.010415913200723327,1,0.0856,False
2026-04-16,3221,台嘉碩,國票敦北,779c,402,1,0.002,45.7,2026-04-17,-0.0033,-0.0011,-0.0284,False,富邦總部,410.0,12.1,1.0199004975124377,0.03009950248756219,5,-0.0033,False
2026-04-16,3221,台嘉碩,富邦總部,9600,1902,2,0.001,45.7,2026-04-17,-0.0033,-0.0011,-0.0284,False,國票敦北,2010.005,125.798,1.056784963196635,0.06613985278654048,1,-0.0033,False
2026-04-16,3714,富采,國票安和,779Z,8523,6348,0.745,76.0,2026-04-17,0.0118,0.0592,0.0250,False,,8673.0,316.005,1.017599436818022,0.03707673354452658,1,0.0118,False
2026-04-16,4960,誠美材,富邦總部,9600,1873,401,0.214,30.85,2026-04-17,0.0989,0.0989,0.0972,False,,5583.238,2994.132,2.980906567004805,1.5985755472504004,1,0.0989,False
2026-04-16,4977,眾達-KY,國票敦北,779c,371,10,0.026,214.5,2026-04-17,0.0653,0.0979,0.0979,False,統一城中|國票安和|富邦總部,367.32,0.0,0.9900808625336928,0.0,1,0.0653,False
2026-04-16,4977,眾達-KY,國票安和,779Z,366,0,0.000,214.5,2026-04-17,0.0653,0.0979,0.0979,False,統一城中|國票敦北|富邦總部,2.0,1.0,0.00546448087431694,0.00273224043715847,,0.0653,False
2026-04-16,4977,眾達-KY,統一城中,5854,366,3,0.008,214.5,2026-04-17,0.0653,0.0979,0.0979,False,國票敦北|國票安和|富邦總部,0.0,0.0,0.0,0.0,,0.0653,False
2026-04-16,4977,眾達-KY,富邦總部,9600,1733,7,0.004,214.5,2026-04-17,0.0653,0.0979,0.0979,False,統一城中|國票敦北|國票安和,248.1,1105.0,0.14316214656664744,0.6376226197345644,,0.0653,False
2026-04-16,5498,凱崴,富邦總部,9600,1140,14,0.012,69.3,2026-04-17,0.0144,0.0606,-0.0072,False,,1180.144,47.338,1.0352140350877193,0.04152456140350877,3,0.0144,False
2026-04-16,6163,華電網,富邦總部,9600,978,14,0.014,67.2,2026-04-17,0.0268,0.0699,0.0030,False,,1018.0,66.58,1.0408997955010224,0.06807770961145194,1,0.0268,False
2026-04-16,6173,信昌電,凱基城中,9227,1126,22,0.019,83.9,2026-04-17,0.0048,0.0989,0.0989,False,富邦總部,1200.066,629.404,1.0657779751332148,0.5589733570159858,1,0.0048,False
2026-04-16,6173,信昌電,富邦總部,9600,1890,127,0.067,83.9,2026-04-17,0.0048,0.0989,0.0989,False,凱基城中,1342.43,3028.02,0.7102804232804233,1.602126984126984,,0.0048,False
2026-04-16,6415,矽力*-KY,富邦總部,9600,907,528,0.582,302.5,2026-04-17,0.0248,0.0992,0.0992,False,,427.462,89.524,0.47129217199558987,0.09870341786108049,2,0.0248,False
2026-04-17,1711,永光,富邦總部,9600,5669,279,0.049,47.95,2026-04-20,0.0970,0.0991,0.0991,False,,550.2,560.0,0.09705415417181161,0.09878285411889222,,0.097,False
2026-04-17,1815,富喬,富邦總部,9600,4700,1202,0.256,127.0,2026-04-20,0.0118,0.0197,-0.0709,False,,3717.475,476.695,0.7909521276595745,0.10142446808510638,7,0.0118,False
2026-04-17,2360,致茂,富邦總部,9600,417,45,0.108,2255.0,2026-04-20,-0.0843,-0.0443,-0.0909,False,,393.015,252.347,0.9424820143884892,0.6051486810551558,6,-0.0843,False
2026-04-17,3388,崇越電,國票敦北,779c,240,3,0.012,99.3,2026-04-20,0.0775,0.0977,0.0977,False,國票安和,315.0,13.005,1.3125,0.0541875,2,0.0775,False
2026-04-17,3388,崇越電,國票安和,779Z,240,1,0.004,99.3,2026-04-20,0.0775,0.0977,0.0977,False,國票敦北,194.0,0.0,0.8083333333333333,0.0,3,0.0775,False
2026-04-17,3529,力旺,國票敦北,779c,80,0,0.003,4075.0,2026-04-20,-0.0184,0.0871,0.0761,False,富邦總部,12.06,10.105,0.15075,0.1263125,33,-0.0184,False
2026-04-17,3529,力旺,富邦總部,9600,59,17,0.282,4075.0,2026-04-20,-0.0184,0.0871,0.0761,False,國票敦北,34.061,37.097,0.5773050847457627,0.6287627118644068,,-0.0184,False
2026-04-17,6187,萬潤,國票敦北,779c,244,3,0.012,1215.0,2026-04-20,0.0494,0.0617,0.0082,False,,4.2,1.1,0.01721311475409836,0.004508196721311476,,0.0494,False
2026-04-17,6909,創控,國票敦北,779c,400,4,0.010,64.9,2026-04-20,0.0324,0.0693,0.0293,False,國票安和,402.0,2.4,1.005,0.006,2,0.0324,False
2026-04-17,6909,創控,國票安和,779Z,401,0,0.000,64.9,2026-04-20,0.0324,0.0693,0.0293,False,國票敦北,419.0,4.0,1.0448877805486285,0.00997506234413965,1,0.0324,False
2026-04-17,8021,尖點,富邦總部,9600,432,133,0.308,390.5,2026-04-20,0.0294,0.0999,0.0704,False,,420.05,91.255,0.9723379629629629,0.21123842592592593,1,0.0294,False
2026-04-20,3081,聯亞,富邦總部,9600,42,20,0.476,2860.0,2026-04-21,0.0175,0.0542,0.0262,False,,57.004,4.07,1.3572380952380951,0.09690476190476191,7,0.0175,False
2026-04-20,3086,華義*,國票安和,779Z,161,0,0.000,35.75,2026-04-21,0.0993,0.0993,0.0993,False,凱基城中,0.0,0.0,0.0,0.0,,0.0993,False
2026-04-20,3086,華義*,凱基城中,9227,250,0,0.000,35.75,2026-04-21,0.0993,0.0993,0.0993,False,國票安和,0.0,100.0,0.0,0.4,,0.0993,False
2026-04-20,3189,景碩,富邦總部,9600,1698,192,0.113,430.5,2026-04-21,0.0523,0.0999,0.0999,True,,1566.022,3086.415,0.9222744405182568,1.8176766784452296,,0.0523,True
2026-04-20,3443,創意,國票安和,779Z,47,5,0.107,3580.0,2026-04-21,0.0070,0.0698,0.0433,False,,19.417,42.0,0.41312765957446806,0.8936170212765957,,0.007,False
2026-04-20,3548,兆利,凱基城中,9227,201,4,0.018,115.5,2026-04-21,0.0173,0.0736,0.0043,False,,204.429,6.504,1.0170597014925373,0.03235820895522388,2,0.0173,False
2026-04-20,3594,磐儀,國票安和,779Z,40,0,0.000,51.7,2026-04-21,0.0774,0.0986,0.0909,False,,5.0,12.0,0.125,0.3,,0.0774,False
2026-04-20,3680,家登,富邦總部,9600,322,5,0.016,473.0,2026-04-21,0.0317,0.0867,0.0634,False,,347.533,124.269,1.0792950310559006,0.38592857142857145,2,0.0317,False
2026-04-20,3693,營邦,國票安和,779Z,65,8,0.123,728.0,2026-04-21,0.0165,0.0371,-0.0330,False,富邦總部,78.0,28.1,1.2,0.4323076923076923,6,0.0165,False
2026-04-20,3693,營邦,富邦總部,9600,206,31,0.150,728.0,2026-04-21,0.0165,0.0371,-0.0330,False,國票安和,159.1,3.458,0.7723300970873787,0.01678640776699029,2,0.0165,False
2026-04-20,4722,國精化,國票敦北,779c,240,1,0.004,198.0,2026-04-21,0.0202,0.0480,-0.0227,False,凱基城中|統一城中|富邦總部,241.0,2.0,1.0041666666666667,0.008333333333333333,3,0.0202,False
2026-04-20,4722,國精化,凱基城中,9227,472,3,0.006,198.0,2026-04-21,0.0202,0.0480,-0.0227,False,統一城中|國票敦北|富邦總部,472.0,2.0,1.0,0.00423728813559322,2,0.0202,False
2026-04-20,4722,國精化,統一城中,5854,173,0,0.000,198.0,2026-04-21,0.0202,0.0480,-0.0227,False,凱基城中|國票敦北|富邦總部,173.6,0.0,1.0034682080924855,0.0,4,0.0202,False
2026-04-20,4722,國精化,富邦總部,9600,481,62,0.129,198.0,2026-04-21,0.0202,0.0480,-0.0227,False,凱基城中|統一城中|國票敦北,538.0,2.24,1.1185031185031185,0.004656964656964657,1,0.0202,False
2026-04-20,5244,弘凱,凱基城中,9227,1623,12,0.007,50.8,2026-04-21,-0.0197,-0.0167,-0.0719,False,,1707.0,115.721,1.0517560073937153,0.07130067775723968,1,-0.0197,False
2026-04-20,5292,華懋,國票敦北,779c,28,0,0.000,253.5,2026-04-21,0.0000,0.0138,-0.0335,False,,0.0,0.0,0.0,0.0,,0.0,False
2026-04-20,6442,光聖,富邦總部,9600,305,45,0.149,2370.0,2026-04-21,0.0148,0.0380,-0.0127,False,,290.45,270.27,0.9522950819672131,0.8861311475409837,15,0.0148,False
2026-04-20,6568,宏觀,富邦總部,9600,297,4,0.015,247.5,2026-04-21,0.0384,0.0747,0.0384,False,,297.05,4.202,1.0001683501683503,0.014148148148148148,1,0.0384,False
2026-04-20,6937,天虹,富邦總部,9600,509,0,0.000,336.5,2026-04-21,0.0624,0.0654,-0.0163,False,,217.0,24.07,0.4263261296660118,0.047288801571709234,1,0.0624,False
2026-04-20,8038,長園科,統一城中,5854,25,0,0.000,46.25,2026-04-21,0.0314,0.0335,0.0195,False,,26.0,0.0,1.04,0.0,5,0.0314,False
2026-04-21,2340,台亞,國票安和,779Z,1587,1,0.001,39.05,2026-04-22,0.0871,0.0999,0.0999,True,富邦總部,1599.0,1.0,1.007561436672968,0.000630119722747322,1,0.0871,True
2026-04-21,2340,台亞,富邦總部,9600,363,1,0.003,39.05,2026-04-22,0.0871,0.0999,0.0999,True,國票安和,366.02,20.0,1.0083195592286502,0.05509641873278237,6,0.0871,True
2026-04-21,2388,威盛,富邦總部,9600,810,1,0.001,72.8,2026-04-22,0.0577,0.0989,0.0989,False,,486.305,0.0,0.6003765432098765,0.0,1,0.0577,False
2026-04-21,2399,映泰,富邦總部,9600,4698,50,0.011,41.95,2026-04-22,0.0727,0.0846,-0.0417,False,,3079.15,252.0,0.6554171988080034,0.05363984674329502,1,0.0727,False
2026-04-21,2436,偉詮電,國票安和,779Z,546,33,0.061,75.1,2026-04-22,0.0266,0.0919,0.0426,False,凱基城中|富邦總部,522.0,82.0,0.9560439560439561,0.15018315018315018,9,0.0266,False
2026-04-21,2436,偉詮電,凱基城中,9227,611,33,0.054,75.1,2026-04-22,0.0266,0.0919,0.0426,False,國票安和|富邦總部,666.1,63.2,1.0901800327332243,0.10343698854337152,7,0.0266,False
2026-04-21,2436,偉詮電,富邦總部,9600,2411,77,0.032,75.1,2026-04-22,0.0266,0.0919,0.0426,False,凱基城中|國票安和,2355.64,108.494,0.9770385732061385,0.044999585234342596,2,0.0266,False
2026-04-21,3189,景碩,國票安和,779Z,1355,29,0.022,473.5,2026-04-22,0.0475,0.0750,0.0380,False,富邦總部,869.07,763.502,0.641380073800738,0.563470110701107,11,0.0475,False
2026-04-21,3189,景碩,富邦總部,9600,3086,1566,0.507,473.5,2026-04-22,0.0475,0.0750,0.0380,False,國票安和,3189.974,1078.797,1.0336921581335061,0.34957777057679845,2,0.0475,False
2026-04-21,3430,奇鈦科,富邦總部,9600,178,1,0.006,103.5,2026-04-22,0.0483,0.0966,0.0773,False,,140.0,4.1,0.7865168539325843,0.023033707865168538,3,0.0483,False
2026-04-21,3581,博磊,統一城中,5854,16,0,0.000,143.5,2026-04-22,0.0976,0.0976,0.0976,False,,0.0,30.0,0.0,1.875,,0.0976,False
2026-04-21,7547,碩網,統一城中,5854,20,0,0.000,77.3,2026-04-22,-0.0026,0.0996,0.0026,False,,2.0,15.0,0.1,0.75,,-0.0026,False
2026-04-21,8028,昇陽半導體,富邦總部,9600,2221,49,0.022,209.5,2026-04-22,0.0406,0.0979,0.0979,False,,3087.111,2061.535,1.3899644304367402,0.9282012606933814,2,0.0406,False
2026-04-22,1711,永光,國票敦北,779c,2000,14,0.007,59.6,2026-04-23,0.0688,0.0789,-0.0520,False,富邦總部,2007.0,58.0,1.0035,0.029,6,0.0688,False
2026-04-22,1711,永光,富邦總部,9600,6299,67,0.011,59.6,2026-04-23,0.0688,0.0789,-0.0520,False,國票敦北,6637.7,298.121,1.0537704397523417,0.04732830608033021,1,0.0688,False
2026-04-22,1727,中華化,國票敦北,779c,488,13,0.027,64.9,2026-04-23,0.0616,0.0832,-0.0092,False,國票安和|富邦總部,481.0,2.55,0.985655737704918,0.005225409836065574,3,0.0616,False
2026-04-22,1727,中華化,國票安和,779Z,522,27,0.052,64.9,2026-04-23,0.0616,0.0832,-0.0092,False,國票敦北|富邦總部,506.0,59.0,0.9693486590038314,0.11302681992337164,5,0.0616,False
2026-04-22,1727,中華化,富邦總部,9600,2198,179,0.081,64.9,2026-04-23,0.0616,0.0832,-0.0092,False,國票敦北|國票安和,2212.08,149.04,1.0064058234758873,0.0678070973612375,1,0.0616,False
2026-04-22,3227,原相,凱基城中,9227,450,9,0.020,220.0,2026-04-23,0.0727,0.0750,-0.0227,False,富邦總部,208.0,20.215,0.4622222222222222,0.044922222222222224,4,0.0727,False
2026-04-22,3227,原相,富邦總部,9600,393,4,0.010,220.0,2026-04-23,0.0727,0.0750,-0.0227,False,凱基城中,30.359,15.401,0.07724936386768448,0.039188295165394404,,0.0727,False
2026-04-22,3324,雙鴻,富邦總部,9600,643,196,0.304,1155.0,2026-04-23,0.0260,0.0476,-0.0433,False,,407.706,66.162,0.6340684292379472,0.10289580093312597,1,0.026,False
2026-04-22,3545,敦泰,凱基城中,9227,1807,7,0.004,56.2,2026-04-23,0.0107,0.0160,-0.0730,False,,1978.0,181.0,1.0946319867183176,0.10016602102933038,1,0.0107,False
2026-04-22,3583,辛耘,富邦總部,9600,100,0,0.001,847.0,2026-04-23,0.0992,0.0992,0.0543,False,,0.0,145.611,0.0,1.45611,,0.0992,False
2026-04-22,4931,新盛力,富邦總部,9600,1217,226,0.186,159.5,2026-04-23,0.0345,0.0940,0.0376,False,,1312.517,155.207,1.0784856203779787,0.12753245686113393,1,0.0345,False
2026-04-22,5269,祥碩,國票敦北,779c,109,8,0.076,1380.0,2026-04-23,0.0435,0.0471,-0.0761,False,富邦總部,106.015,1.004,0.9726146788990826,0.009211009174311927,5,0.0435,False
2026-04-22,5269,祥碩,富邦總部,9600,204,4,0.018,1380.0,2026-04-23,0.0435,0.0471,-0.0761,False,國票敦北,222.616,63.178,1.0912549019607842,0.30969607843137253,1,0.0435,False
2026-04-22,6462,神盾,富邦總部,9600,1456,0,0.000,143.5,2026-04-23,0.0035,0.0070,-0.0976,False,,1448.2,2.001,0.9946428571428572,0.0013743131868131867,1,0.0035,False
2026-04-22,6533,晶心科,富邦總部,9600,100,2,0.020,253.5,2026-04-23,0.0454,0.0947,-0.0671,False,,102.0,10.05,1.02,0.1005,3,0.0454,False
2026-04-23,1595,川寶,凱基城中,9227,537,40,0.074,60.6,2026-04-24,0.0858,0.0990,0.0990,False,,501.0,341.0,0.9329608938547486,0.6350093109869647,1,0.0858,False
2026-04-23,2474,可成,富邦總部,9600,1511,629,0.416,231.5,2026-04-24,0.0108,0.0497,-0.0346,False,,1764.729,32.625,1.1679212442091331,0.021591661151555263,1,0.0108,False
2026-04-23,2542,興富發,國票安和,779Z,3620,0,0.000,37.4,2026-04-24,0.0107,0.0642,0.0468,False,,0.0,1.052,0.0,0.00029060773480662984,,0.0107,False
2026-04-23,3162,精確,富邦總部,9600,1237,82,0.066,83.9,2026-04-24,-0.0143,0.0024,-0.0250,False,,1319.672,94.2,1.066832659660469,0.07615198059822151,1,-0.0143,False
2026-04-23,6658,聯策,富邦總部,9600,201,1,0.006,100.5,2026-04-24,0.0249,0.0995,0.0995,True,,201.0,1.1,1.0,0.005472636815920398,2,0.0249,True
2026-04-23,6735,美達科技,富邦總部,9600,796,0,0.000,110.5,2026-04-24,0.0995,0.0995,0.0995,True,,0.0,98.0,0.0,0.12311557788944724,,0.0995,True
2026-04-24,1727,中華化,富邦總部,9600,1485,71,0.048,70.7,2026-04-27,0.0679,0.0849,0.0438,False,,1522.125,114.283,1.025,0.07695824915824916,1,0.0679,False
2026-04-24,3324,雙鴻,富邦總部,9600,454,39,0.085,1215.0,2026-04-27,0.0453,0.0741,-0.0288,False,,491.065,204.34,1.0816409691629956,0.45008810572687225,3,0.0453,False
2026-04-24,6658,聯策,凱基城中,9227,577,30,0.052,110.5,2026-04-27,0.0995,0.0995,0.0995,True,,555.0,609.998,0.9618717504332756,1.0571889081455805,,0.0995,True
2026-04-24,6735,美達科技,富邦總部,9600,98,0,0.000,121.5,2026-04-27,0.0947,0.0988,0.0988,False,,421.0,27.0,4.295918367346939,0.2755102040816326,1,0.0947,False
2026-04-24,6861,睿生光電,富邦總部,9600,46,0,0.000,259.0,2026-04-27,0.0347,0.0425,0.0347,False,,2.011,10.208,0.043717391304347826,0.22191304347826088,,0.0347,False
2026-04-24,8028,昇陽半導體,富邦總部,9600,1032,534,0.518,242.0,2026-04-27,0.0475,0.0620,-0.0517,False,,99.223,58.315,0.09614631782945736,0.05650678294573643,25,0.0475,False
2026-04-27,2408,南亞科,富邦總部,9600,8246,1748,0.212,226.5,2026-04-28,0.0353,0.0706,0.0486,False,,6915.082,3490.958,0.8385983507154984,0.42335168566577736,3,0.0353,False
2026-04-27,5483,中美晶,富邦總部,9600,4455,2675,0.601,143.0,2026-04-28,0.0140,0.0140,-0.0594,False,,2092.429,95.69,0.4696810325476992,0.021479236812570145,2,0.014,False
2026-04-27,6658,聯策,凱基城中,9227,610,555,0.910,121.5,2026-04-28,0.0988,0.0988,0.0988,False,,3.079,0.0,0.005047540983606557,0.0,37,0.0988,False
2026-04-28,1597,直得,富邦總部,9600,781,19,0.024,121.5,2026-04-29,0.0000,0.0988,0.0741,False,,889.0,51.164,1.1382842509603073,0.06551088348271447,1,0.0,False
2026-04-28,2337,旺宏,富邦總部,9600,23268,10967,0.471,159.5,2026-04-29,0.0125,0.0752,0.0470,False,,23904.411,8891.443,1.0273513408973698,0.3821318119305484,1,0.0125,False
2026-04-28,2426,鼎元,富邦總部,9600,1098,0,0.000,54.1,2026-04-29,-0.0610,0.0998,0.0998,True,,1528.75,1737.165,1.392304189435337,1.582117486338798,,-0.061,True
2026-04-28,2467,志聖,凱基城中,9227,21,0,0.000,545.0,2026-04-29,-0.0349,0.0734,0.0165,False,,0.001,5.342,4.761904761904762e-05,0.2543809523809524,,-0.0349,False
2026-04-28,3260,威剛,國票敦北,779c,283,29,0.104,484.0,2026-04-29,-0.0403,-0.0041,-0.0599,False,富邦總部,19.156,21.31,0.06768904593639576,0.07530035335689046,,-0.0403,False
2026-04-28,3260,威剛,富邦總部,9600,1410,1025,0.726,484.0,2026-04-29,-0.0403,-0.0041,-0.0599,False,國票敦北,1441.22,222.98,1.0221418439716312,0.1581418439716312,2,-0.0403,False
2026-04-28,4951,精拓科,國票安和,779Z,32,3,0.094,99.0,2026-04-29,0.0960,0.0960,0.0960,False,,0.0,1.0,0.0,0.03125,,0.096,False
2026-04-28,4991,環宇-KY,凱基城中,9227,25,0,0.003,627.0,2026-04-29,0.0064,0.0718,-0.0191,False,富邦總部,36.0,12.25,1.44,0.49,18,0.0064,False
2026-04-28,4991,環宇-KY,富邦總部,9600,20,0,0.000,627.0,2026-04-29,0.0064,0.0718,-0.0191,False,凱基城中,5.002,10.136,0.2501,0.5068,,0.0064,False
2026-04-29,2426,鼎元,國票敦北,779c,459,21,0.046,59.5,2026-04-30,0.0521,0.0874,-0.0370,False,凱基城中,105.0,77.1,0.22875816993464052,0.16797385620915034,,0.0521,False
2026-04-29,2426,鼎元,凱基城中,9227,5765,2066,0.358,59.5,2026-04-30,0.0521,0.0874,-0.0370,False,國票敦北,4075.359,390.77,0.7069139635732871,0.06778317432784042,1,0.0521,False
2026-04-29,6405,悅城,國票安和,779Z,67,1,0.015,46.3,2026-04-30,0.0994,0.0994,0.0994,False,凱基城中,0.0,222.0,0.0,3.3134328358208953,,0.0994,False
2026-04-29,6405,悅城,凱基城中,9227,1141,13,0.011,46.3,2026-04-30,0.0994,0.0994,0.0994,False,國票安和,5.0,60.0,0.0043821209465381246,0.05258545135845749,,0.0994,False
2026-04-29,8064,東捷,富邦總部,9600,1067,512,0.480,94.9,2026-04-30,0.0590,0.0959,0.0959,False,,61.16,1890.0,0.05731958762886598,1.7713214620431115,,0.059,False
2026-04-30,1595,川寶,富邦總部,9600,387,205,0.530,72.8,2026-05-04,0.0577,0.0989,0.0577,False,,194.0,11.42,0.5012919896640827,0.029509043927648578,3,0.0577,False
2026-04-30,3037,欣興,富邦總部,9600,1384,203,0.147,883.0,2026-05-04,0.0328,0.0419,0.0317,False,,1397.009,197.349,1.0093995664739885,0.14259320809248555,2,0.0328,False
2026-05-04,1514,亞力,富邦總部,9600,1094,0,0.000,121.0,2026-05-05,0.0165,0.0165,-0.0083,False,,1659.662,628.797,1.5170585009140767,0.5747687385740402,2,0.0165,False
2026-05-04,2408,南亞科,富邦總部,9600,9673,514,0.053,237.0,2026-05-05,0.0253,0.0928,0.0823,False,,12673.002,9283.268,1.3101418381060685,0.959709293910886,1,0.0253,False
2026-05-04,2454,聯發科,國票安和,779Z,784,2,0.003,2870.0,2026-05-05,0.0993,0.0993,0.0993,False,,1096.312,171.0,1.3983571428571429,0.2181122448979592,2,0.0993,False
2026-05-04,3264,欣銓,富邦總部,9600,2181,32,0.015,214.5,2026-05-05,0.0256,0.0979,0.0979,False,,1975.76,3980.993,0.9058963778083448,1.8253062815222374,,0.0256,False
2026-05-04,3491,昇達科,國票敦北,779c,85,4,0.047,1705.0,2026-05-05,0.0117,0.0264,-0.0059,False,統一城中|富邦總部,85.0,0.005,1.0,5.882352941176471e-05,3,0.0117,False
2026-05-04,3491,昇達科,統一城中,5854,163,3,0.019,1705.0,2026-05-05,0.0117,0.0264,-0.0059,False,國票敦北|富邦總部,161.025,1.002,0.9878834355828221,0.006147239263803681,2,0.0117,False
2026-05-04,3491,昇達科,富邦總部,9600,240,2,0.008,1705.0,2026-05-05,0.0117,0.0264,-0.0059,False,統一城中|國票敦北,240.126,9.069,1.000525,0.0377875,1,0.0117,False
2026-05-04,3526,凡甲,凱基城中,9227,203,1,0.005,363.0,2026-05-05,-0.0041,0.0234,-0.0275,False,,251.0,49.05,1.2364532019704433,0.2416256157635468,2,-0.0041,False
2026-05-04,4510,高鋒,富邦總部,9600,3282,9,0.003,51.7,2026-05-05,-0.0135,0.0039,-0.0638,False,,3434.0,165.005,1.0463132236441195,0.050275746496039,1,-0.0135,False
2026-05-04,6531,愛普*,富邦總部,9600,299,36,0.121,924.0,2026-05-05,0.0065,0.0714,0.0119,False,,128.593,20.0,0.4300769230769231,0.06688963210702341,2,0.0065,False
2026-05-04,6829,千附精密,富邦總部,9600,93,5,0.054,270.0,2026-05-05,-0.0074,0.0370,0.0111,False,,0.0,0.0,0.0,0.0,,-0.0074,False
2026-05-05,1802,台玻,富邦總部,9600,9723,229,0.024,72.8,2026-05-06,0.0137,0.0371,-0.0220,False,,10381.193,865.615,1.0676944358737015,0.08902756350920497,1,0.0137,False
2026-05-05,2342,茂矽,富邦總部,9600,3771,0,0.000,39.7,2026-05-06,0.0579,0.0982,0.0529,False,,3834.0,18.012,1.0167064439140812,0.004776451869530628,1,0.0579,False
2026-05-05,2426,鼎元,國票安和,779Z,541,2,0.004,69.3,2026-05-06,0.0996,0.0996,0.0996,True,,56.733,1125.002,0.10486691312384473,2.079486136783734,,0.0996,True
2026-05-05,3026,禾伸堂,國票安和,779Z,552,7,0.013,248.5,2026-05-06,0.0986,0.0986,0.0986,False,,26.024,147.001,0.04714492753623188,0.26630615942028985,,0.0986,False
2026-05-05,3030,德律,富邦總部,9600,409,3,0.006,414.0,2026-05-06,0.0290,0.0519,-0.0024,False,,629.691,99.205,1.5395867970660146,0.2425550122249389,1,0.029,False
2026-05-05,3228,金麗科,富邦總部,9600,250,0,0.000,220.0,2026-05-06,0.0500,0.1000,0.1000,True,,130.0,80.0,0.52,0.32,1,0.05,True
2026-05-05,6182,合晶,凱基城中,9227,2397,41,0.017,48.5,2026-05-06,0.0619,0.0928,0.0433,False,富邦總部,2455.095,163.0,1.0242365456821025,0.06800166875260742,2,0.0619,False
2026-05-05,6182,合晶,富邦總部,9600,5583,1686,0.302,48.5,2026-05-06,0.0619,0.0928,0.0433,False,凱基城中,5626.325,994.713,1.0077601647859573,0.17816818914562063,1,0.0619,False
2026-05-05,7610,聯友金屬-創,富邦總部,9600,17,0,0.000,729.0,2026-05-06,0.0014,0.0357,-0.0535,False,,4.02,24.006,0.23647058823529413,1.4121176470588235,,0.0014,False
2026-05-06,1809,中釉,凱基城中,9227,6184,926,0.150,34.15,2026-05-07,0.0922,0.0952,0.0102,False,,5604.0,324.889,0.9062095730918499,0.05253703104786546,1,0.0922,False
2026-05-06,2426,鼎元,國票安和,779Z,1125,57,0.050,76.2,2026-05-07,-0.0184,0.0315,-0.0289,False,,270.0,827.0,0.24,0.7351111111111112,,-0.0184,False
2026-05-06,3228,金麗科,國票敦北,779c,35,8,0.229,242.0,2026-05-07,0.0083,0.0826,0.0640,False,,40.1,21.25,1.1457142857142857,0.6071428571428571,6,0.0083,False
2026-05-06,3390,旭軟,凱基城中,9227,1695,14,0.008,28.05,2026-05-07,-0.0018,0.0339,0.0107,False,,1835.0,236.393,1.0825958702064897,0.13946489675516224,1,-0.0018,False
2026-05-06,3661,世芯-KY,富邦總部,9600,108,12,0.115,4565.0,2026-05-07,0.0449,0.0668,0.0504,False,,4.118,86.784,0.03812962962962963,0.8035555555555556,,0.0449,False
2026-05-07,1504,東元,凱基城中,9227,1329,332,0.250,74.0,2026-05-08,0.0081,0.0095,-0.0162,False,富邦總部,1344.0,43.06,1.0112866817155757,0.03240030097817908,4,0.0081,False
2026-05-07,1504,東元,富邦總部,9600,1389,8,0.006,74.0,2026-05-08,0.0081,0.0095,-0.0162,False,凱基城中,1449.185,106.331,1.0433297336213103,0.07655219582433405,3,0.0081,False
2026-05-07,1605,華新,國票敦北,779c,3421,8,0.002,35.85,2026-05-08,0.0042,0.0056,-0.0586,False,富邦總部,2107.0,535.25,0.6159017831043555,0.1564600993861444,11,0.0042,False
2026-05-07,1605,華新,富邦總部,9600,11876,33,0.003,35.85,2026-05-08,0.0042,0.0056,-0.0586,False,國票敦北,159.16,122.889,0.013401818794206804,0.010347675985180195,,0.0042,False
2026-05-07,1762,中化生,凱基城中,9227,102,0,0.000,35.25,2026-05-08,0.0993,0.0993,0.0993,False,,0.0,44.0,0.0,0.43137254901960786,,0.0993,False
2026-05-07,3090,日電貿,富邦總部,9600,3117,551,0.177,116.0,2026-05-08,0.0345,0.0647,-0.0216,False,,3078.958,624.838,0.987795316008983,0.20046134103304458,1,0.0345,False
2026-05-07,3141,晶宏,凱基城中,9227,802,0,0.000,56.1,2026-05-08,0.0535,0.0535,-0.0196,False,,819.0,7.0,1.0211970074812968,0.008728179551122194,1,0.0535,False
2026-05-07,3264,欣銓,富邦總部,9600,1330,489,0.367,248.5,2026-05-08,-0.0342,-0.0161,-0.0986,False,,846.992,185.602,0.6368360902255639,0.13955037593984962,5,-0.0342,False
2026-05-07,3443,創意,富邦總部,9600,121,30,0.249,5450.0,2026-05-08,0.0028,0.0193,-0.0440,False,,66.015,42.226,0.5455785123966942,0.3489752066115702,8,0.0028,False
2026-05-07,4956,光鋐,凱基城中,9227,624,2,0.003,52.8,2026-05-08,0.0133,0.0644,-0.0720,False,,630.0,10.0,1.0096153846153846,0.016025641025641024,3,0.0133,False
2026-05-07,6108,競國,凱基城中,9227,2189,34,0.016,24.2,2026-05-08,-0.0847,-0.0682,-0.0992,False,,2181.0,2.0,0.996345363179534,0.0009136592051164915,1,-0.0847,False
2026-05-07,6147,頎邦,富邦總部,9600,5670,4021,0.709,192.5,2026-05-08,-0.0182,0.0519,0.0286,False,,2154.465,2032.133,0.37997619047619047,0.35840088183421515,20,-0.0182,False
2026-05-07,6770,力積電,富邦總部,9600,21359,10101,0.473,63.9,2026-05-08,0.0172,0.0407,-0.0391,False,,5267.359,1442.388,0.2466107495669273,0.06753068963902804,9,0.0172,False
2026-05-08,3026,禾伸堂,富邦總部,9600,2469,1271,0.515,330.0,2026-05-11,-0.0030,0.0652,-0.0015,False,,363.787,225.025,0.14734183880113405,0.09114013770757391,11,-0.003,False
2026-05-08,5464,霖宏,國票安和,779Z,499,0,0.000,52.4,2026-05-11,0.0038,0.0992,0.0992,False,,0.0,40.001,0.0,0.0801623246492986,,0.0038,False
2026-05-08,6651,全宇昕,凱基城中,9227,779,2,0.003,121.5,2026-05-11,-0.0329,0.0988,0.0988,False,,844.519,139.189,1.0841065468549422,0.17867650834403082,1,-0.0329,False
2026-05-11,1560,中砂,富邦總部,9600,287,15,0.053,629.0,2026-05-12,0.0270,0.0859,0.0620,False,,415.133,4.095,1.4464564459930314,0.01426829268292683,1,0.027,False
2026-05-11,3036,文曄,富邦總部,9600,2115,709,0.335,264.5,2026-05-12,0.0208,0.0699,0.0416,False,,159.946,1239.173,0.07562458628841608,0.5858973995271868,,0.0208,False
2026-05-11,3443,創意,國票安和,779Z,96,4,0.042,5730.0,2026-05-12,0.0384,0.0384,-0.0279,False,,6.101,6.058,0.06355208333333333,0.06310416666666667,,0.0384,False
2026-05-11,5289,宜鼎,富邦總部,9600,280,74,0.265,1760.0,2026-05-12,0.0341,0.0852,0.0199,False,,348.483,33.517,1.2445821428571429,0.11970357142857142,1,0.0341,False
2026-05-11,6415,矽力*-KY,富邦總部,9600,222,4,0.018,468.0,2026-05-12,0.0427,0.0513,0.0182,False,,143.308,254.326,0.6455315315315315,1.1456126126126127,,0.0427,False
2026-05-11,6435,大中,凱基城中,9227,56,1,0.018,231.5,2026-05-12,0.0454,0.0994,0.0734,False,,58.0,4.0,1.0357142857142858,0.07142857142857142,2,0.0454,False
2026-05-11,6643,M31,凱基城中,9227,40,0,0.000,683.0,2026-05-12,0.0000,0.0688,0.0205,False,,40.005,6.06,1.000125,0.1515,6,0.0,False
2026-05-11,6715,嘉基,富邦總部,9600,306,205,0.670,489.5,2026-05-12,0.0010,0.0501,-0.0194,False,,102.017,2.0,0.3333888888888889,0.006535947712418301,1,0.001,False
2026-05-12,2303,聯電,富邦總部,9600,36504,18162,0.498,104.5,2026-05-13,-0.0239,-0.0239,-0.0584,False,,21865.109,3051.817,0.5989784407188253,0.0836022627657243,2,-0.0239,False
2026-05-12,3055,蔚華科,凱基城中,9227,733,367,0.501,110.0,2026-05-13,0.0182,0.0864,0.0318,False,,1076.316,234.276,1.4683710777626193,0.319612551159618,1,0.0182,False
2026-05-12,3287,廣寰科,國票安和,779Z,38,0,0.000,30.85,2026-05-13,0.0324,0.0989,0.0405,False,,38.0,0.0,1.0,0.0,5,0.0324,False
2026-05-12,3587,閎康,富邦總部,9600,899,499,0.555,385.5,2026-05-13,-0.0143,0.0350,0.0272,False,,215.3,318.831,0.23948832035595105,0.354650723025584,,-0.0143,False
2026-05-12,4977,眾達-KY,凱基城中,9227,961,17,0.018,270.5,2026-05-13,-0.0092,0.0092,-0.0998,False,統一城中|富邦總部,958.0,13.01,0.9968782518210197,0.013537981269510927,3,-0.0092,False
2026-05-12,4977,眾達-KY,統一城中,5854,500,28,0.056,270.5,2026-05-13,-0.0092,0.0092,-0.0998,False,凱基城中|富邦總部,480.1,7.0,0.9602,0.014,5,-0.0092,False
2026-05-12,4977,眾達-KY,富邦總部,9600,1739,67,0.039,270.5,2026-05-13,-0.0092,0.0092,-0.0998,False,凱基城中|統一城中,1694.2,36.661,0.9742380678550892,0.021081656124209317,2,-0.0092,False
2026-05-12,5228,鈺鎧,富邦總部,9600,500,3,0.006,45.85,2026-05-13,-0.0044,0.0883,0.0720,False,,273.0,129.0,0.546,0.258,2,-0.0044,False
2026-05-13,2066,世德,國票安和,779Z,56,0,0.000,50.6,2026-05-14,0.0988,0.0988,0.0988,False,,0.0,0.0,0.0,0.0,,0.0988,False
2026-05-13,2377,微星,富邦總部,9600,6685,1911,0.286,115.5,2026-05-14,0.0476,0.0736,0.0130,False,,6485.803,1575.753,0.9702023934181002,0.23571473448017952,1,0.0476,False
2026-05-13,3516,亞帝歐,國票安和,779Z,67,0,0.000,23.1,2026-05-14,0.0996,0.0996,0.0996,True,,0.0,0.0,0.0,0.0,,0.0996,True
2026-05-13,4912,聯德控股-KY,凱基城中,9227,819,6,0.007,104.5,2026-05-14,-0.0239,0.0431,0.0000,False,,612.018,47.111,0.7472747252747253,0.05752258852258852,1,-0.0239,False
2026-05-13,6218,豪勉,凱基城中,9227,1441,1,0.001,45.1,2026-05-14,-0.0022,0.0333,-0.0787,False,,1688.968,252.0,1.1720804996530187,0.17487855655794587,1,-0.0022,False
2026-05-14,2327,國巨*,富邦總部,9600,1385,151,0.109,462.0,2026-05-15,0.0000,0.0660,-0.0141,False,,2004.798,1311.382,1.4475075812274367,0.9468462093862816,7,0.0,False
2026-05-14,2498,宏達電,富邦總部,9600,1705,42,0.025,44.1,2026-05-15,0.0510,0.0635,0.0272,False,,1814.551,304.142,1.0642527859237536,0.1783824046920821,3,0.051,False
2026-05-14,6278,台表科,富邦總部,9600,2438,477,0.196,226.0,2026-05-15,0.0442,0.0752,-0.0243,False,,2219.2,1594.55,0.9102543068088598,0.6540401968826908,5,0.0442,False
2026-05-14,6485,點序,國票安和,779Z,69,1,0.014,89.3,2026-05-15,0.0997,0.0997,0.0997,True,凱基城中,69.0,102.0,1.0,1.4782608695652173,,0.0997,True
2026-05-14,6485,點序,凱基城中,9227,193,1,0.005,89.3,2026-05-15,0.0997,0.0997,0.0997,True,國票安和,1.0,0.0,0.0051813471502590676,0.0,,0.0997,True
2026-05-14,7777,能率亞洲,凱基城中,9227,2869,2,0.001,34.15,2026-05-15,0.0600,0.0864,0.0483,False,,2902.0,66.11,1.0115022655977692,0.02304287208086441,1,0.06,False
2026-05-14,8021,尖點,富邦總部,9600,650,34,0.052,490.5,2026-05-15,-0.0418,-0.0367,-0.0999,False,,650.05,24.787,1.000076923076923,0.03813384615384616,2,-0.0418,False
2026-05-15,2464,盟立,凱基城中,9227,2903,31,0.011,126.5,2026-05-18,0.0000,0.0988,0.0988,False,富邦總部,3326.001,551.443,1.1457116775749225,0.18995625215294523,1,0.0,False
2026-05-15,2464,盟立,富邦總部,9600,1043,55,0.053,126.5,2026-05-18,0.0000,0.0988,0.0988,False,凱基城中,1756.1,1901.364,1.6837008628954937,1.8229760306807288,,0.0,False
2026-05-15,3558,神準,凱基城中,9227,417,0,0.000,121.0,2026-05-18,-0.0165,0.0537,-0.0124,False,,448.0,35.989,1.0743405275779376,0.08630455635491607,1,-0.0165,False
2026-05-15,6207,雷科,富邦總部,9600,3679,9,0.002,77.2,2026-05-18,-0.0039,0.0997,0.0997,True,,6166.2,3806.66,1.6760532753465616,1.0346996466431095,1,-0.0039,True
2026-05-15,6485,點序,國票安和,779Z,102,69,0.676,98.2,2026-05-18,0.0387,0.0998,0.0998,True,,103.0,56.0,1.0098039215686274,0.5490196078431373,11,0.0387,True
2026-05-15,6924,榮惠-KY創,凱基城中,9227,12,0,0.000,132.0,2026-05-18,0.0985,0.0985,0.0985,False,,0.0,0.0,0.0,0.0,,0.0985,False
2026-05-15,8091,翔名,凱基城中,9227,874,4,0.005,237.0,2026-05-18,0.0464,0.0992,0.0992,False,,873.0,0.0,0.9988558352402745,0.0,1,0.0464,False
2026-05-18,2233,宇隆,富邦總部,9600,30,2,0.067,324.5,2026-05-19,0.0262,0.0647,0.0478,False,,1.1,11.047,0.03666666666666667,0.36823333333333336,,0.0262,False
2026-05-18,2313,華通,富邦總部,9600,5433,686,0.126,259.0,2026-05-19,0.0154,0.0772,-0.0116,False,,5862.122,1669.338,1.0789843548683968,0.3072589729431253,1,0.0154,False
2026-05-18,2327,國巨*,富邦總部,9600,3587,786,0.219,501.0,2026-05-19,0.0000,0.0299,-0.0080,False,,3795.821,1560.351,1.058216057987176,0.43500167270699747,2,0.0,False
2026-05-18,3221,台嘉碩,凱基城中,9227,1595,3,0.002,44.6,2026-05-19,0.0034,0.0987,0.0135,False,,1611.0,30.473,1.0100313479623824,0.019105329153605015,1,0.0034,False
2026-05-18,6207,雷科,國票敦北,779c,502,26,0.052,84.9,2026-05-19,-0.0012,0.0989,-0.0118,False,統一城中,471.006,142.054,0.9382589641434262,0.2829760956175299,8,-0.0012,False
2026-05-18,6207,雷科,統一城中,5854,506,35,0.069,84.9,2026-05-19,-0.0012,0.0989,-0.0118,False,國票敦北,495.0,35.7,0.9782608695652174,0.07055335968379446,3,-0.0012,False
2026-05-18,6285,啟碁,富邦總部,9600,1211,141,0.116,286.0,2026-05-19,0.0157,0.0839,0.0210,False,,3013.644,390.993,2.488558216350124,0.3228678777869529,1,0.0157,False
2026-05-18,6485,點序,凱基城中,9227,1228,431,0.351,108.0,2026-05-19,0.0787,0.0972,-0.0093,False,,995.0,3.117,0.8102605863192183,0.0025382736156351793,1,0.0787,False
2026-05-18,6719,力智,富邦總部,9600,415,332,0.801,220.0,2026-05-19,0.0000,0.0295,-0.0409,False,,83.0,0.0,0.2,0.0,7,0.0,False
2026-05-18,7709,榮田,凱基城中,9227,38,0,0.000,83.8,2026-05-19,0.0859,0.0990,0.0990,False,,0.0,277.0,0.0,7.2894736842105265,,0.0859,False
2026-05-18,8064,東捷,富邦總部,9600,544,20,0.037,132.0,2026-05-19,-0.0114,0.0871,0.0379,False,,10.35,236.023,0.019025735294117645,0.43386580882352943,,-0.0114,False
2026-05-19,3167,大量,富邦總部,9600,253,66,0.262,784.0,2026-05-20,0.0115,0.0561,-0.0051,False,,12.3,169.23,0.04861660079051383,0.668893280632411,,0.0115,False
2026-05-19,6141,柏承,國票安和,779Z,131,5,0.038,34.15,2026-05-20,0.0220,0.0922,0.0102,False,,121.0,43.0,0.9236641221374046,0.3282442748091603,10,0.022,False
2026-05-20,2388,威盛,富邦總部,9600,873,7,0.008,81.7,2026-05-21,0.0061,0.0845,0.0526,False,,1122.811,309.889,1.2861523482245132,0.3549702176403207,2,0.0061,False
2026-05-20,2543,皇昌,凱基城中,9227,1844,1,0.001,42.45,2026-05-21,0.0966,0.0978,0.0942,False,,1914.999,79.998,1.0385027114967462,0.043382863340563994,1,0.0966,False
2026-05-20,3048,益登,富邦總部,9600,2589,36,0.014,61.7,2026-05-21,0.0989,0.0989,0.0989,False,,0.0,1.0,0.0,0.0003862495171881035,,0.0989,False
2026-05-20,4919,新唐,國票敦北,779c,1506,13,0.009,165.0,2026-05-21,0.0303,0.1000,0.1000,True,凱基城中|富邦總部,1130.002,826.881,0.7503333333333333,0.5490577689243028,1,0.0303,True
2026-05-20,4919,新唐,凱基城中,9227,589,5,0.008,165.0,2026-05-21,0.0303,0.1000,0.1000,True,國票敦北|富邦總部,621.031,1357.0,1.0543820033955857,2.3039049235993208,,0.0303,True
2026-05-20,4919,新唐,富邦總部,9600,1686,236,0.140,165.0,2026-05-21,0.0303,0.1000,0.1000,True,凱基城中|國票敦北,1670.136,2287.944,0.9905907473309609,1.3570249110320285,,0.0303,True
2026-05-20,6175,立敦,富邦總部,9600,1407,7,0.005,81.5,2026-05-21,0.0184,0.0675,0.0454,False,,1591.0,194.242,1.130774697938877,0.1380540156361052,1,0.0184,False
2026-05-20,6719,力智,富邦總部,9600,189,0,0.001,232.0,2026-05-21,0.0216,0.0474,0.0065,False,,2.048,0.0,0.010835978835978836,0.0,,0.0216,False
2026-05-20,6834,天二科技,富邦總部,9600,2138,1039,0.486,60.6,2026-05-21,0.0990,0.0990,0.0990,False,,3.0,499.0,0.001403180542563143,0.2333956969130028,,0.099,False
2026-05-21,2327,國巨*,凱基城中,9227,1058,76,0.072,572.0,2026-05-22,0.0577,0.0997,0.0997,True,富邦總部,1090.239,1644.22,1.0304716446124764,1.5540831758034026,,0.0577,True
2026-05-21,2327,國巨*,富邦總部,9600,3643,121,0.033,572.0,2026-05-22,0.0577,0.0997,0.0997,True,凱基城中,3156.546,3793.851,0.8664688443590447,1.041408454570409,,0.0577,True
2026-05-21,2478,大毅,富邦總部,9600,864,99,0.115,116.0,2026-05-22,0.0819,0.0991,0.0991,False,,450.0,311.0,0.5208333333333334,0.3599537037037037,3,0.0819,False
2026-05-21,3016,嘉晶,富邦總部,9600,200,4,0.020,115.5,2026-05-22,0.0216,0.0649,0.0476,False,,200.0,0.0,1.0,0.0,1,0.0216,False
2026-05-21,3037,欣興,富邦總部,9600,1930,26,0.013,905.0,2026-05-22,0.0298,0.0895,0.0718,False,,1266.015,701.25,0.6559663212435233,0.3633419689119171,4,0.0298,False
2026-05-21,3357,臺慶科,富邦總部,9600,501,1,0.002,254.0,2026-05-22,0.0315,0.0984,0.0984,False,,504.0,1.0,1.0059880239520957,0.001996007984031936,2,0.0315,False
2026-05-21,3443,創意,國票敦北,779c,91,12,0.132,5065.0,2026-05-22,0.0079,0.0257,0.0148,False,富邦總部,127.043,1.527,1.396076923076923,0.01678021978021978,2,0.0079,False
2026-05-21,3443,創意,富邦總部,9600,328,172,0.524,5065.0,2026-05-22,0.0079,0.0257,0.0148,False,國票敦北,121.08,28.249,0.36914634146341463,0.086125,4,0.0079,False
2026-05-21,4127,天良,國票安和,779Z,28,0,0.000,57.2,2026-05-22,0.0997,0.0997,0.0997,True,,9.0,0.0,0.32142857142857145,0.0,,0.0997,True
2026-05-21,4743,合一,凱基城中,9227,2294,1,0.000,53.9,2026-05-22,-0.0167,0.0241,-0.0167,False,,2430.0,141.0,1.059285091543156,0.06146469049694856,1,-0.0167,False
2026-05-21,4768,晶呈科技,國票安和,779Z,182,0,0.000,446.0,2026-05-22,0.0661,0.0987,0.0202,False,凱基城中,182.0,2.006,1.0,0.011021978021978022,2,0.0661,False
2026-05-21,4768,晶呈科技,凱基城中,9227,61,0,0.000,446.0,2026-05-22,0.0661,0.0987,0.0202,False,國票安和,66.0,4.025,1.0819672131147542,0.06598360655737705,5,0.0661,False
2026-05-21,4919,新唐,凱基城中,9227,1357,621,0.458,181.5,2026-05-22,0.0496,0.0992,0.0992,False,富邦總部,1310.001,1058.0,0.9653655121591747,0.7796610169491526,3,0.0496,False
2026-05-21,4919,新唐,富邦總部,9600,2288,1670,0.730,181.5,2026-05-22,0.0496,0.0992,0.0992,False,凱基城中,1184.462,2143.159,0.5176844405594405,0.9366953671328672,,0.0496,False
2026-05-21,4960,誠美材,富邦總部,9600,4328,51,0.012,36.45,2026-05-22,0.0151,0.0247,-0.0178,False,,4778.05,516.0,1.1039856746765249,0.11922365988909427,1,0.0151,False
2026-05-21,6411,晶焱,富邦總部,9600,370,1,0.003,94.6,2026-05-22,0.0127,0.0550,0.0032,False,,370.327,0.4,1.0008837837837838,0.001081081081081081,4,0.0127,False
2026-05-21,7751,竑騰,富邦總部,9600,15,0,0.000,1650.0,2026-05-22,0.0667,0.1000,0.1000,True,,0.0,6.0,0.0,0.4,,0.0667,True
2026-05-22,2312,金寶,富邦總部,9600,5370,1858,0.346,33.1,2026-05-25,0.0876,0.0997,0.0997,True,,5583.78,826.03,1.0398100558659218,0.15382309124767227,2,0.0876,True
2026-05-22,2356,英業達,凱基城中,9227,3760,107,0.028,59.5,2026-05-25,0.0992,0.0992,0.0992,False,富邦總部,3765.804,4960.2,1.0015436170212766,1.3192021276595745,,0.0992,False
2026-05-22,2356,英業達,富邦總部,9600,6869,2146,0.312,59.5,2026-05-25,0.0992,0.0992,0.0992,False,凱基城中,7466.937,8791.508,1.0870486242538944,1.2798817877420294,,0.0992,False
2026-05-22,2455,全新,富邦總部,9600,851,29,0.034,425.0,2026-05-25,0.0235,0.0824,0.0447,False,,639.122,39.875,0.7510246768507638,0.046856639247943595,3,0.0235,False
2026-05-22,3030,德律,國票敦北,779c,569,11,0.019,419.5,2026-05-25,0.0632,0.0906,-0.0036,False,,7.0,71.001,0.012302284710017574,0.12478207381370826,,0.0632,False
2026-05-22,3481,群創,富邦總部,9600,37140,23599,0.635,44.65,2026-05-25,0.0997,0.0997,0.0997,True,,3214.512,3054.174,0.08655121163166397,0.08223408723747981,40,0.0997,True
2026-05-22,3532,台勝科,國票安和,779Z,44,0,0.000,248.5,2026-05-25,0.0986,0.0986,0.0986,False,,106.0,200.0,2.409090909090909,4.545454545454546,,0.0986,False
2026-05-22,3711,日月光投控,富邦總部,9600,1356,225,0.166,561.0,2026-05-25,0.0660,0.0998,0.0998,True,,804.793,999.45,0.5935051622418879,0.7370575221238939,,0.066,True
2026-05-22,4991,環宇-KY,富邦總部,9600,202,41,0.203,814.0,2026-05-25,0.0627,0.0995,0.0319,False,,583.047,344.132,2.886371287128713,1.7036237623762376,2,0.0627,False
2026-05-22,6173,信昌電,凱基城中,9227,340,0,0.000,192.5,2026-05-25,0.0987,0.0987,0.0987,False,富邦總部,0.0,2.0,0.0,0.0058823529411764705,,0.0987,False
2026-05-22,6173,信昌電,富邦總部,9600,135,10,0.074,192.5,2026-05-25,0.0987,0.0987,0.0987,False,凱基城中,40.0,0.0,0.2962962962962963,0.0,3,0.0987,False
2026-05-22,6291,沛亨,富邦總部,9600,456,183,0.402,541.0,2026-05-25,0.0222,0.0499,-0.0129,False,,128.144,7.439,0.2810175438596491,0.016313596491228072,2,0.0222,False
2026-05-22,7751,竑騰,統一城中,5854,17,0,0.000,1815.0,2026-05-25,0.0606,0.0606,-0.0028,False,,0.0,6.0,0.0,0.35294117647058826,,0.0606,False
2026-05-25,2353,宏碁,統一城中,5854,2411,85,0.035,32.5,2026-05-26,0.0538,0.0538,-0.0185,False,富邦總部,2457.0,26.25,1.019079220240564,0.010887598506843633,5,0.0538,False
2026-05-25,2353,宏碁,富邦總部,9600,8563,1192,0.139,32.5,2026-05-26,0.0538,0.0538,-0.0185,False,統一城中,8984.453,545.877,1.0492179142823777,0.06374833586359921,1,0.0538,False
2026-05-25,2454,聯發科,凱基城中,9227,369,3,0.007,4245.0,2026-05-26,0.0306,0.0459,0.0047,False,富邦總部,378.185,8.942,1.0248915989159892,0.024233062330623306,4,0.0306,False
2026-05-25,2454,聯發科,富邦總部,9600,706,95,0.135,4245.0,2026-05-26,0.0306,0.0459,0.0047,False,凱基城中,792.93,199.66,1.1231303116147309,0.28280453257790367,3,0.0306,False
2026-05-25,3025,星通,凱基城中,9227,646,24,0.037,78.1,2026-05-26,0.0883,0.0883,0.0090,False,,1332.0,346.914,2.0619195046439627,0.5370185758513932,1,0.0883,False
2026-05-25,3711,日月光投控,統一城中,5854,681,162,0.238,617.0,2026-05-26,0.0308,0.0308,-0.0097,False,,660.16,171.728,0.9693979441997063,0.2521703377386197,9,0.0308,False
2026-05-25,4760,勤凱,富邦總部,9600,201,0,0.000,375.0,2026-05-26,0.1000,0.1000,0.0547,False,,213.0,10.01,1.0597014925373134,0.04980099502487562,1,0.1,False
2026-05-25,6274,台燿,富邦總部,9600,302,186,0.615,1600.0,2026-05-26,0.0250,0.0625,-0.0125,False,,469.067,255.404,1.553201986754967,0.8457086092715231,4,0.025,False
2026-05-25,6415,矽力*-KY,富邦總部,9600,405,9,0.022,618.0,2026-05-26,0.0453,0.0534,0.0194,False,,338.657,106.006,0.8361901234567901,0.2617432098765432,2,0.0453,False
2026-05-26,3211,順達,富邦總部,9600,929,234,0.252,469.0,2026-05-27,0.0021,0.0501,-0.0107,False,,1132.674,42.08,1.2192400430570507,0.045296017222820235,1,0.0021,False
2026-05-26,6405,悅城,富邦總部,9600,77,2,0.030,75.9,2026-05-27,0.0975,0.0988,0.0672,False,,80.1,33.023,1.0402597402597402,0.42887012987012985,14,0.0975,False
2026-05-27,2303,聯電,富邦總部,9600,20150,14663,0.728,143.5,2026-05-28,0.0105,0.0523,-0.0105,False,,8812.332,4142.586,0.43733657568238216,0.20558739454094294,9,0.0105,False
2026-05-27,5864,致和證,凱基城中,9227,3565,3,0.001,38.6,2026-05-28,0.0091,0.0544,0.0324,False,,3568.889,110.887,1.0010908835904628,0.031104347826086957,1,0.0091,False
2026-05-27,8110,華東,國票敦北,779c,1005,6,0.006,60.6,2026-05-28,0.0215,0.0891,0.0231,False,國票安和|富邦總部,1005.0,20.201,1.0,0.02010049751243781,4,0.0215,False
2026-05-27,8110,華東,國票安和,779Z,1012,15,0.015,60.6,2026-05-28,0.0215,0.0891,0.0231,False,國票敦北|富邦總部,907.8,23.002,0.8970355731225297,0.02272924901185771,5,0.0215,False
2026-05-27,8110,華東,富邦總部,9600,6057,2031,0.335,60.6,2026-05-28,0.0215,0.0891,0.0231,False,國票敦北|國票安和,4200.153,362.626,0.6934378405151065,0.05986891200264157,1,0.0215,False
2026-05-28,1522,堤維西,凱基城中,9227,894,3,0.003,31.45,2026-05-29,0.0970,0.0986,0.0986,False,,900.0,3.0,1.0067114093959733,0.003355704697986577,1,0.097,False
2026-05-28,1524,耿鼎,凱基城中,9227,2718,511,0.188,31.9,2026-05-29,0.0596,0.0987,0.0486,False,,2236.0,19.627,0.8226637233259749,0.0072211184694628405,1,0.0596,False
2026-05-28,1568,倉佑,凱基城中,9227,188,0,0.000,41.25,2026-05-29,0.0994,0.0994,0.0994,False,,1909.999,1722.999,10.15956914893617,9.16488829787234,4,0.0994,False
2026-05-29,2353,宏碁,國票安和,779Z,1110,42,0.038,35.2,2026-06-01,0.0994,0.0994,0.0994,False,,3.0,1.0,0.002702702702702703,0.0009009009009009009,,0.0994,False
2026-05-29,3532,台勝科,凱基城中,9227,680,7,0.010,319.0,2026-06-01,0.0987,0.0987,0.0987,False,富邦總部,0.5,494.0,0.0007352941176470588,0.7264705882352941,,0.0987,False
2026-05-29,3532,台勝科,富邦總部,9600,266,1,0.005,319.0,2026-06-01,0.0987,0.0987,0.0987,False,凱基城中,0.0,170.0,0.0,0.6390977443609023,,0.0987,False
2026-05-29,4760,勤凱,凱基城中,9227,49,40,0.816,468.0,2026-06-01,0.0214,0.0897,-0.0833,False,,49.0,4.2,1.0,0.08571428571428572,10,0.0214,False
2026-05-29,5328,華容,國票敦北,779c,901,22,0.025,39.6,2026-06-01,0.0530,0.0947,0.0051,False,統一城中|國票安和|富邦總部,1175.0,278.0,1.3041065482796892,0.30854605993340734,7,0.053,False
2026-05-29,5328,華容,國票安和,779Z,902,7,0.008,39.6,2026-06-01,0.0530,0.0947,0.0051,False,統一城中|國票敦北|富邦總部,904.001,7.0,1.0022184035476718,0.007760532150776054,6,0.053,False
2026-05-29,5328,華容,統一城中,5854,926,25,0.027,39.6,2026-06-01,0.0530,0.0947,0.0051,False,國票敦北|國票安和|富邦總部,902.0,5.0,0.9740820734341252,0.005399568034557235,8,0.053,False
2026-05-29,5328,華容,富邦總部,9600,1451,58,0.040,39.6,2026-06-01,0.0530,0.0947,0.0051,False,統一城中|國票敦北|國票安和,1470.2,86.586,1.0132322536181944,0.059673328738800824,2,0.053,False
2026-05-29,6116,彩晶,富邦總部,9600,51621,41603,0.806,17.1,2026-06-01,0.0673,0.0994,0.0994,False,,3147.1,46.29,0.060965498537416944,0.0008967280757831115,2,0.0673,False
2026-05-29,6127,九豪,國票敦北,779c,492,20,0.041,67.3,2026-06-01,0.0996,0.0996,0.0996,True,富邦總部,489.1,401.0,0.9941056910569106,0.8150406504065041,12,0.0996,True
2026-05-29,6127,九豪,富邦總部,9600,718,50,0.069,67.3,2026-06-01,0.0996,0.0996,0.0996,True,國票敦北,595.0,36.0,0.8286908077994429,0.05013927576601671,2,0.0996,True
2026-05-29,7792,安葆,凱基城中,9227,76,0,0.000,281.5,2026-06-01,0.0906,0.0995,0.0480,False,,76.0,0.0,1.0,0.0,2,0.0906,False
2026-06-01,2356,英業達,富邦總部,9600,9693,5940,0.613,77.2,2026-06-02,-0.0026,0.0816,0.0440,False,,4492.246,1938.29,0.4634525946559373,0.1999680181574332,5,-0.0026,False
2026-06-01,2357,華碩,凱基城中,9227,200,1,0.007,837.0,2026-06-02,0.0920,0.0992,0.0992,False,,200.781,8.012,1.003905,0.04006,5,0.092,False
2026-06-01,3312,弘憶股,富邦總部,9600,448,16,0.037,55.1,2026-06-02,0.0998,0.0998,0.0998,True,,0.5,1.0,0.0011160714285714285,0.002232142857142857,,0.0998,True
2026-06-01,3481,群創,富邦總部,9600,31328,19729,0.630,56.1,2026-06-02,0.0339,0.0481,0.0018,False,,30301.344,2664.266,0.9672288049029623,0.08504424157303371,4,0.0339,False
2026-06-01,3661,世芯-KY,富邦總部,9600,109,7,0.060,4855.0,2026-06-02,0.0031,0.0031,-0.0577,False,,116.285,15.172,1.066834862385321,0.1391926605504587,3,0.0031,False
2026-06-01,5475,德宏,富邦總部,9600,107,32,0.301,297.0,2026-06-02,0.0135,0.0943,0.0774,False,,2.575,163.835,0.024065420560747664,1.5311682242990654,,0.0135,False
2026-06-01,6548,長科*,富邦總部,9600,1262,21,0.017,75.0,2026-06-02,0.0333,0.1000,0.0813,False,,643.308,4742.985,0.5097527733755943,3.75830824088748,,0.0333,False
2026-06-01,8105,凌巨,富邦總部,9600,3017,1012,0.335,19.3,2026-06-02,0.0259,0.0984,0.0984,False,,2046.0,38.45,0.6781571097116341,0.012744448127278754,1,0.0259,False
2026-06-02,1409,新纖,富邦總部,9600,504,0,0.000,27.55,2026-06-03,0.0998,0.0998,0.0998,True,,3.0,1064.0,0.005952380952380952,2.111111111111111,,0.0998,True
2026-06-02,2408,南亞科,富邦總部,9600,13216,10188,0.771,419.5,2026-06-03,0.0250,0.0262,-0.0429,False,,7503.367,1999.871,0.5677487136803874,0.1513219582324455,1,0.025,False
2026-06-02,3260,威剛,富邦總部,9600,2389,737,0.309,469.5,2026-06-03,0.0234,0.0245,-0.0160,False,,735.67,167.864,0.307940560904144,0.0702653830054416,4,0.0234,False
2026-06-02,3297,杭特,凱基城中,9227,13,0,0.000,34.2,2026-06-03,0.0234,0.0614,-0.0175,False,,13.0,0.0,1.0,0.0,11,0.0234,False
2026-06-02,5426,振發,富邦總部,9600,26,0,0.000,22.55,2026-06-03,0.0998,0.0998,0.0998,True,,15.0,0.0,0.5769230769230769,0.0,7,0.0998,True
2026-06-02,6127,九豪,富邦總部,9600,2024,351,0.173,81.4,2026-06-03,-0.0197,-0.0111,-0.0835,False,,1928.628,381.21,0.9528794466403162,0.18834486166007905,1,-0.0197,False
2026-06-03,1409,新纖,國票敦北,779c,684,12,0.018,30.3,2026-06-04,-0.0116,-0.0116,-0.0990,False,國票安和|富邦總部,204.14,3.0,0.2984502923976608,0.0043859649122807015,10,-0.0116,False
2026-06-03,1409,新纖,國票安和,779Z,710,44,0.061,30.3,2026-06-04,-0.0116,-0.0116,-0.0990,False,國票敦北|富邦總部,52.0,110.0,0.07323943661971831,0.15492957746478872,,-0.0116,False
2026-06-03,1409,新纖,富邦總部,9600,1064,3,0.003,30.3,2026-06-04,-0.0116,-0.0116,-0.0990,False,國票敦北|國票安和,703.0,69.397,0.6607142857142857,0.06522274436090225,5,-0.0116,False
2026-06-03,1718,中纖,富邦總部,9600,4667,5,0.001,8.8,2026-06-04,0.1000,0.1000,0.1000,True,,5.2,7.0,0.0011142061281337048,0.0014998928647953717,,0.1,True
2026-06-03,2009,第一銅,凱基城中,9227,2829,503,0.178,45.2,2026-06-04,0.0000,0.0166,-0.0155,False,,2888.0,573.434,1.0208554259455638,0.20269848002827853,1,0.0,False
2026-06-03,2352,佳世達,凱基城中,9227,6130,53,0.009,34.65,2026-06-04,0.0245,0.0260,-0.0115,False,,8042.3,1867.0,1.311957585644372,0.3045676998368679,1,0.0245,False
2026-06-03,2891,中信金,富邦總部,9600,6070,2306,0.380,70.5,2026-06-04,-0.0355,-0.0184,-0.0355,False,,1795.916,1312.023,0.2958675453047776,0.2161487644151565,15,-0.0355,False
2026-06-03,3211,順達,凱基城中,9227,487,41,0.085,464.0,2026-06-04,-0.0216,0.0129,-0.0216,False,富邦總部,489.201,12.11,1.0045195071868582,0.02486652977412731,2,-0.0216,False
2026-06-03,3211,順達,富邦總部,9600,1115,61,0.054,464.0,2026-06-04,-0.0216,0.0129,-0.0216,False,凱基城中,990.525,842.518,0.8883632286995515,0.7556215246636772,9,-0.0216,False
2026-06-03,3363,上詮,國票安和,779Z,101,11,0.109,884.0,2026-06-04,-0.0271,0.0000,-0.0498,False,富邦總部,91.0,1.1,0.900990099009901,0.01089108910891089,4,-0.0271,False
2026-06-03,3363,上詮,富邦總部,9600,655,24,0.036,884.0,2026-06-04,-0.0271,0.0000,-0.0498,False,國票安和,635.21,3.508,0.9697862595419847,0.005355725190839694,1,-0.0271,False
2026-06-03,4931,新盛力,富邦總部,9600,600,263,0.438,254.0,2026-06-04,0.0177,0.0787,0.0236,False,,406.73,140.147,0.6778833333333333,0.23357833333333333,4,0.0177,False
2026-06-03,6163,華電網,統一城中,5854,496,0,0.000,57.4,2026-06-04,-0.0105,0.0279,-0.0331,False,富邦總部,501.0,2.0,1.0100806451612903,0.004032258064516129,1,-0.0105,False
2026-06-03,6163,華電網,富邦總部,9600,472,6,0.013,57.4,2026-06-04,-0.0105,0.0279,-0.0331,False,統一城中,470.0,9.0,0.9957627118644068,0.019067796610169493,2,-0.0105,False
2026-06-03,6548,長科*,國票敦北,779c,289,10,0.035,89.2,2026-06-04,0.0000,0.0998,0.0998,True,富邦總部,5.0,10.0,0.01730103806228374,0.03460207612456748,,0.0,True
2026-06-03,6548,長科*,富邦總部,9600,2165,27,0.012,89.2,2026-06-04,0.0000,0.0998,0.0998,True,國票敦北,14.873,30.607,0.006869745958429561,0.014137182448036951,,0.0,True
2026-06-04,1714,和桐,富邦總部,9600,8084,10,0.001,12.1,2026-06-05,0.0000,0.0041,-0.0496,False,,11254.182,3277.599,1.3921551212271153,0.40544272637308265,1,0.0,False
2026-06-04,6890,來億-KY,凱基城中,9227,114,66,0.575,231.5,2026-06-05,0.0000,0.0756,0.0475,False,,137.5,35.0,1.206140350877193,0.30701754385964913,10,0.0,False
2026-06-05,1810,和成,富邦總部,9600,1599,66,0.041,22.6,2026-06-08,-0.0996,-0.0133,-0.0265,False,,1597.025,0.02,0.9987648530331457,1.2507817385866166e-05,1,-0.0996,False
2026-06-05,3114,好德,富邦總部,9600,1352,4,0.003,44.65,2026-06-08,-0.0985,0.0929,0.0011,False,,1348.201,3.85,0.9971900887573965,0.0028476331360946746,1,-0.0985,False
2026-06-05,3376,新日興,富邦總部,9600,2561,17,0.007,237.0,2026-06-08,-0.0591,0.0316,-0.0021,False,,2996.182,664.755,1.169926591175322,0.2595685279187817,1,-0.0591,False
2026-06-05,3520,華盈,凱基城中,9227,163,5,0.031,17.05,2026-06-08,-0.0323,0.0997,0.0997,True,,173.0,19.449,1.0613496932515338,0.11931901840490798,2,-0.0323,True
2026-06-05,6155,鈞寶,富邦總部,9600,1345,80,0.059,79.3,2026-06-08,-0.0883,0.0933,-0.0252,False,,1381.061,125.134,1.0268111524163568,0.0930364312267658,2,-0.0883,False
2026-06-05,6409,旭隼,凱基城中,9227,765,43,0.056,928.0,2026-06-08,0.0000,0.0474,-0.0302,False,,1048.998,20.816,1.3712392156862745,0.02721045751633987,1,0.0,False
2026-06-08,1449,佳和,凱基城中,9227,531,1,0.002,14.9,2026-06-09,0.0973,0.0973,0.0973,False,,24.0,0.0,0.04519774011299435,0.0,24,0.0973,False
2026-06-08,1714,和桐,凱基城中,9227,6950,25,0.004,12.65,2026-06-09,0.0988,0.0988,0.0988,False,,1.5,1497.0,0.0002158273381294964,0.2153956834532374,,0.0988,False
2026-06-08,2059,川湖,富邦總部,9600,30,0,0.001,6180.0,2026-06-09,0.0518,0.0995,0.0995,True,,30.176,27.004,1.0058666666666667,0.9001333333333333,31,0.0518,True
2026-06-08,4542,科嶠,凱基城中,9227,840,506,0.602,314.5,2026-06-09,0.0986,0.0986,0.0986,False,,2.0,114.999,0.002380952380952381,0.13690357142857143,,0.0986,False
2026-06-08,6270,倍微,凱基城中,9227,1218,13,0.011,35.85,2026-06-09,0.0990,0.0990,0.0990,False,,11.0,1400.0,0.0090311986863711,1.1494252873563218,,0.099,False
2026-06-09,2327,國巨*,富邦總部,9600,1428,345,0.241,826.0,2026-06-10,0.0460,0.0993,-0.0085,False,,6292.798,6276.318,4.406721288515406,4.395180672268908,,0.046,False
2026-06-09,2454,聯發科,富邦總部,9600,1371,168,0.123,4475.0,2026-06-10,-0.0358,0.0101,-0.0715,False,,776.662,221.029,0.5664930707512764,0.16121735959153902,3,-0.0358,False
2026-06-09,2492,華新科,富邦總部,9600,350,0,0.000,440.0,2026-06-10,0.0227,0.0966,-0.0739,False,,271.11,520.173,0.7746,1.4862085714285713,,0.0227,False
2026-06-09,3221,台嘉碩,國票安和,779Z,603,18,0.030,63.9,2026-06-10,-0.0078,0.0626,-0.0845,False,富邦總部,621.001,44.0,1.0298524046434494,0.07296849087893864,4,-0.0078,False
2026-06-09,3221,台嘉碩,富邦總部,9600,1253,190,0.152,63.9,2026-06-10,-0.0078,0.0626,-0.0845,False,國票安和,1261.2,214.151,1.0065442936951317,0.17091061452513967,2,-0.0078,False
2026-06-09,3450,聯鈞,富邦總部,9600,256,78,0.305,507.0,2026-06-10,0.0000,0.0414,-0.0690,False,,1509.0,92.293,5.89453125,0.36051953125,1,0.0,False
2026-06-09,6127,九豪,國票安和,779Z,870,84,0.097,83.8,2026-06-10,-0.0072,0.0883,-0.0811,False,富邦總部,873.8,123.175,1.004367816091954,0.14158045977011494,4,-0.0072,False
2026-06-09,6127,九豪,富邦總部,9600,2888,1356,0.469,83.8,2026-06-10,-0.0072,0.0883,-0.0811,False,國票安和,2151.5,220.466,0.7449792243767313,0.07633864265927978,1,-0.0072,False
2026-06-09,6166,凌華,統一城中,5854,56,0,0.000,137.5,2026-06-10,0.0000,0.0727,-0.0873,False,,2.0,12.0,0.03571428571428571,0.21428571428571427,,0.0,False
2026-06-09,6209,今國光,富邦總部,9600,2207,15,0.007,88.0,2026-06-10,0.0000,0.0898,-0.0795,False,,2278.841,103.283,1.0325514272768463,0.0467979157227005,1,0.0,False
2026-06-09,6432,今展科,凱基城中,9227,1343,911,0.678,71.7,2026-06-10,0.0349,0.0990,0.0586,False,,434.2,2.0,0.3233060312732688,0.0014892032762472078,1,0.0349,False
2026-06-09,8021,尖點,富邦總部,9600,543,272,0.501,506.0,2026-06-10,0.0257,0.0988,0.0988,False,,637.881,680.513,1.1747348066298342,1.2532467771639042,,0.0257,False
2026-06-09,8043,蜜望實,富邦總部,9600,713,2,0.003,192.5,2026-06-10,0.0312,0.0987,0.0338,False,,7022.251,6240.935,9.848879382889201,8.753064516129033,2,0.0312,False
2026-06-09,8046,南電,富邦總部,9600,872,36,0.042,914.0,2026-06-10,-0.0219,-0.0022,-0.0733,False,,133.242,46.524,0.15280045871559633,0.05335321100917431,8,-0.0219,False
2026-06-10,2348,海悅,凱基城中,9227,4327,123,0.028,78.1,2026-06-11,-0.0192,-0.0077,-0.0704,False,富邦總部,1307.998,22.857,0.3022874971111625,0.00528241275710654,1,-0.0192,False
2026-06-10,2348,海悅,富邦總部,9600,101,1,0.010,78.1,2026-06-11,-0.0192,-0.0077,-0.0704,False,凱基城中,107.0,7.07,1.0594059405940595,0.07,4,-0.0192,False
2026-06-10,2524,京城,凱基城中,9227,231,0,0.000,37.5,2026-06-11,0.0253,0.0600,-0.0427,False,,231.0,0.0,1.0,0.0,1,0.0253,False
2026-06-10,3362,先進光,凱基城中,9227,155,2,0.015,171.0,2026-06-11,-0.0292,0.0058,-0.0409,False,富邦總部,158.0,20.28,1.0193548387096774,0.13083870967741937,5,-0.0292,False
2026-06-10,3362,先進光,富邦總部,9600,3269,2536,0.776,171.0,2026-06-11,-0.0292,0.0058,-0.0409,False,凱基城中,1404.62,283.375,0.42967880085653104,0.08668553074334659,1,-0.0292,False
2026-06-10,3441,聯一光,凱基城中,9227,1802,0,0.000,65.0,2026-06-11,0.0015,0.1000,0.1000,True,,1954.0,223.454,1.0843507214206438,0.12400332963374029,1,0.0015,True
2026-06-10,4113,聯上,凱基城中,9227,400,0,0.000,16.5,2026-06-11,0.0000,0.1000,0.0030,False,統一城中|富邦總部,0.0,0.0,0.0,0.0,,0.0,False
2026-06-10,4113,聯上,統一城中,5854,120,0,0.000,16.5,2026-06-11,0.0000,0.1000,0.0030,False,凱基城中|富邦總部,0.0,0.0,0.0,0.0,,0.0,False
2026-06-10,4113,聯上,富邦總部,9600,600,0,0.000,16.5,2026-06-11,0.0000,0.1000,0.0030,False,凱基城中|統一城中,0.0,0.0,0.0,0.0,,0.0,False
2026-06-11,2425,承啟,統一城中,5854,30,1,0.033,36.45,2026-06-12,0.0988,0.0988,-0.0137,False,,12.0,16.0,0.4,0.5333333333333333,,0.0988,False
2026-06-11,3532,台勝科,富邦總部,9600,175,17,0.097,297.0,2026-06-12,0.0993,0.0993,0.0993,False,,775.04,950.0,4.4288,5.428571428571429,,0.0993,False
2026-06-12,3576,聯合再生,富邦總部,9600,20420,1537,0.075,19.8,2026-06-15,0.0985,0.0985,0.0606,False,,11490.081,3402.956,0.562687610186092,0.16664818805093046,1,0.0985,False
2026-06-12,4542,科嶠,凱基城中,9227,19,0,0.000,335.5,2026-06-15,0.0969,0.0969,0.0730,False,,0.0,51.0,0.0,2.6842105263157894,,0.0969,False
2026-06-12,4939,亞電,富邦總部,9600,3262,873,0.268,66.2,2026-06-15,0.0363,0.0785,0.0650,False,,3151.025,755.5,0.9659794604537094,0.23160637645616186,1,0.0363,False
2026-06-12,6139,亞翔,富邦總部,9600,407,68,0.167,805.0,2026-06-15,0.0522,0.0994,0.0994,False,,383.517,399.102,0.9423022113022113,0.9805945945945946,,0.0522,False
2026-06-12,6515,穎崴,國票敦北,779c,41,0,0.000,9590.0,2026-06-15,0.0636,0.0678,0.0349,False,,0.008,21.002,0.0001951219512195122,0.5122439024390244,,0.0636,False
2026-06-12,8042,金山電,國票安和,779Z,346,1,0.003,170.5,2026-06-15,0.0997,0.0997,0.0997,True,統一城中,0.0,26.0,0.0,0.07514450867052024,,0.0997,True
2026-06-12,8042,金山電,統一城中,5854,301,0,0.000,170.5,2026-06-15,0.0997,0.0997,0.0997,True,國票安和,0.0,30.0,0.0,0.09966777408637874,,0.0997,True
2026-06-15,2305,全友,富邦總部,9600,130,0,0.002,27.6,2026-06-16,0.0996,0.0996,0.0996,True,,0.125,0.0,0.0009615384615384616,0.0,,0.0996,True
2026-06-15,2426,鼎元,凱基城中,9227,2838,502,0.177,74.8,2026-06-16,0.0642,0.0762,-0.0789,False,,2345.0,16.0,0.8262861169837914,0.005637773079633545,1,0.0642,False
2026-06-15,3008,大立光,富邦總部,9600,118,22,0.185,4420.0,2026-06-16,0.0136,0.0995,0.0995,True,,39.305,232.052,0.33309322033898303,1.966542372881356,,0.0136,True
2026-06-15,3455,由田,凱基城中,9227,404,3,0.008,237.5,2026-06-16,0.0947,0.0968,-0.0021,False,,408.2,0.1,1.0103960396039604,0.00024752475247524753,1,0.0947,False
2026-06-15,3532,台勝科,富邦總部,9600,274,167,0.611,359.0,2026-06-16,0.0306,0.0989,0.0989,False,,163.035,48.0,0.5950182481751825,0.17518248175182483,1,0.0306,False
2026-06-15,4919,新唐,凱基城中,9227,1019,492,0.483,193.0,2026-06-16,0.0363,0.0648,-0.0518,False,富邦總部,591.333,28.271,0.5803071638861629,0.02774386653581943,6,0.0363,False
2026-06-15,4919,新唐,富邦總部,9600,999,22,0.022,193.0,2026-06-16,0.0363,0.0648,-0.0518,False,凱基城中,1277.02,313.754,1.2782982982982982,0.3140680680680681,3,0.0363,False
2026-06-15,8042,金山電,國票安和,779Z,26,0,0.000,187.5,2026-06-16,0.0480,0.0987,0.0267,False,統一城中,854.01,468.653,32.846538461538465,18.025115384615386,3,0.048,False
2026-06-15,8042,金山電,統一城中,5854,30,0,0.000,187.5,2026-06-16,0.0480,0.0987,0.0267,False,國票安和,788.0,461.475,26.266666666666666,15.3825,4,0.048,False
2026-06-16,3008,大立光,富邦總部,9600,232,39,0.169,4860.0,2026-06-17,0.0422,0.0926,0.0586,False,,6.992,46.765,0.03013793103448276,0.20157327586206897,,0.0422,False
2026-06-16,3550,聯穎,富邦總部,9600,2561,38,0.015,30.85,2026-06-17,0.0681,0.0989,0.0989,False,,7.0,7.0,0.002733307301835221,0.002733307301835221,,0.0681,False
2026-06-16,5328,華容,富邦總部,9600,3031,1607,0.530,51.2,2026-06-17,0.0352,0.0410,0.0039,False,,3569.043,655.642,1.1775133619267568,0.21631210821511052,3,0.0352,False
2026-06-16,6949,沛爾生醫-創,富邦總部,9600,50,0,0.000,814.0,2026-06-17,0.0688,0.0995,0.0995,True,,0.0,100.0,0.0,2.0,,0.0688,True
2026-06-17,2316,楠梓電,富邦總部,9600,745,199,0.267,187.0,2026-06-18,0.0267,0.0989,0.0989,False,,400.005,787.0,0.5369194630872484,1.0563758389261746,,0.0267,False
2026-06-17,3090,日電貿,國票敦北,779c,692,66,0.095,302.5,2026-06-18,0.0579,0.0992,0.0992,False,富邦總部,133.0,1.138,0.19219653179190752,0.0016445086705202312,6,0.0579,False
2026-06-17,3090,日電貿,富邦總部,9600,1229,746,0.607,302.5,2026-06-18,0.0579,0.0992,0.0992,False,國票敦北,1281.452,1221.952,1.0426786004882018,0.9942652563059398,16,0.0579,False
2026-06-17,3189,景碩,國票安和,779Z,1044,32,0.031,706.0,2026-06-18,0.0453,0.0453,0.0255,False,,57.051,140.653,0.05464655172413793,0.13472509578544062,,0.0453,False
2026-06-17,6715,嘉基,國票安和,779Z,97,0,0.003,475.0,2026-06-18,-0.0105,0.0295,-0.0074,False,,0.0,0.0,0.0,0.0,,-0.0105,False
2026-06-17,6834,天二科技,富邦總部,9600,500,7,0.014,92.4,2026-06-18,0.0985,0.0985,0.0985,False,,6.0,0.0,0.012,0.0,,0.0985,False
2026-06-17,6949,沛爾生醫-創,富邦總部,9600,100,0,0.000,895.0,2026-06-18,0.0480,0.0816,0.0179,False,,0.27,11.0,0.0027,0.11,,0.048,False
2026-06-18,1905,華紙,凱基城中,9227,9388,17,0.002,17.1,2026-06-22,0.0994,0.0994,0.0789,False,,9393.45,114.0,1.0005805283340434,0.012143161482743928,1,0.0994,False
2026-06-18,2342,茂矽,富邦總部,9600,3059,1528,0.499,55.2,2026-06-22,0.0344,0.0996,0.0616,False,,1582.76,53.555,0.51741091860085,0.01750735534488395,2,0.0344,False
2026-06-18,2472,立隆電,富邦總部,9600,565,85,0.150,402.0,2026-06-22,0.0684,0.0759,-0.0211,False,,33.408,176.905,0.05912920353982301,0.31310619469026546,,0.0684,False
2026-06-18,2481,強茂,國票敦北,779c,1250,8,0.007,160.0,2026-06-22,0.1000,0.1000,0.1000,True,富邦總部,4.3,200.0,0.00344,0.16,,0.1,True
2026-06-18,2481,強茂,富邦總部,9600,1920,62,0.032,160.0,2026-06-22,0.1000,0.1000,0.1000,True,國票敦北,8.18,224.1,0.004260416666666667,0.11671875,,0.1,True
2026-06-18,3357,臺慶科,凱基城中,9227,474,154,0.325,348.0,2026-06-22,0.0517,0.0675,-0.0043,False,,4.5,9.0,0.00949367088607595,0.0189873417721519,,0.0517,False
2026-06-18,6405,悅城,國票安和,779Z,232,0,0.000,71.5,2026-06-22,0.0601,0.0671,-0.0420,False,,127.0,63.0,0.5474137931034483,0.27155172413793105,10,0.0601,False
2026-06-18,6525,捷敏-KY,富邦總部,9600,661,0,0.000,143.0,2026-06-22,0.0979,0.0979,0.0839,False,,693.0,8.913,1.048411497730711,0.01348411497730711,1,0.0979,False
2026-06-22,1409,新纖,富邦總部,9600,7695,4429,0.576,28.15,2026-06-23,0.0124,0.0391,0.0142,False,,5237.543,1975.401,0.6806423651721897,0.2567122807017544,1,0.0124,False
2026-06-22,2303,聯電,國票敦北,779c,8819,21,0.002,160.0,2026-06-23,0.0813,0.1000,0.0625,False,統一城中|富邦總部,9999.302,1698.453,1.1338362626148089,0.19259020297085838,2,0.0813,False
2026-06-22,2303,聯電,統一城中,5854,8531,56,0.007,160.0,2026-06-23,0.0813,0.1000,0.0625,False,國票敦北|富邦總部,8719.471,554.624,1.0220924862267027,0.06501277693119212,3,0.0813,False
2026-06-22,2303,聯電,富邦總部,9600,8078,231,0.029,160.0,2026-06-23,0.0813,0.1000,0.0625,False,統一城中|國票敦北,26714.11,27917.789,3.3070203020549642,3.4560273582569945,,0.0813,False
2026-06-22,2316,楠梓電,富邦總部,9600,712,0,0.000,226.0,2026-06-23,0.0509,0.0996,-0.0376,False,,1370.257,476.243,1.9245182584269662,0.6688806179775281,1,0.0509,False
2026-06-22,2466,冠西電,國票安和,779Z,50,0,0.000,55.1,2026-06-23,0.0853,0.0853,0.0218,False,,3.0,38.0,0.06,0.76,,0.0853,False
2026-06-22,2481,強茂,國票敦北,779c,200,4,0.021,176.0,2026-06-23,0.0994,0.0994,0.0994,False,富邦總部,3191.25,2245.743,15.95625,11.228715,2,0.0994,False
2026-06-22,2481,強茂,富邦總部,9600,224,8,0.037,176.0,2026-06-23,0.0994,0.0994,0.0994,False,國票敦北,7767.685,8387.553,34.67716517857143,37.44443303571428,,0.0994,False
2026-06-22,2492,華新科,富邦總部,9600,726,141,0.195,617.0,2026-06-23,0.0454,0.0454,-0.0648,False,,151.55,859.485,0.2087465564738292,1.1838636363636363,,0.0454,False
2026-06-22,3149,正達,富邦總部,9600,1003,1,0.001,104.5,2026-06-23,-0.0144,0.0191,-0.0995,False,,1026.0,32.713,1.0229312063808573,0.03261515453639083,5,-0.0144,False
2026-06-22,3317,尼克森,國票安和,779Z,406,2,0.005,97.1,2026-06-23,0.0144,0.0659,-0.0525,False,統一城中,405.003,1.005,0.9975443349753694,0.0024753694581280787,5,0.0144,False
2026-06-22,3317,尼克森,統一城中,5854,366,1,0.003,97.1,2026-06-23,0.0144,0.0659,-0.0525,False,國票安和,354.0,37.0,0.9672131147540983,0.10109289617486339,7,0.0144,False
2026-06-22,3374,精材,富邦總部,9600,1700,3,0.002,276.0,2026-06-23,0.0652,0.0996,0.0996,True,,1149.338,518.0,0.6760811764705882,0.30470588235294116,2,0.0652,True
2026-06-22,6202,盛群,凱基城中,9227,2918,0,0.000,73.7,2026-06-23,0.0977,0.0991,-0.0380,False,,3415.0,491.0,1.1703221384509939,0.1682659355723098,1,0.0977,False
2026-06-22,6693,廣閎科,凱基城中,9227,60,0,0.000,236.5,2026-06-23,0.0402,0.0930,0.0000,False,,60.0,76.0,1.0,1.2666666666666666,,0.0402,False
2026-06-22,6770,力積電,富邦總部,9600,18442,366,0.020,81.6,2026-06-23,0.0147,0.0551,-0.0368,False,,16746.706,563.026,0.9080742869536926,0.030529552109315693,2,0.0147,False
2026-06-23,2369,菱生,凱基城中,9227,2926,20,0.007,44.55,2026-06-24,-0.0202,0.0236,-0.0281,False,富邦總部,2910.0,32.5,0.9945317840054683,0.011107313738892685,2,-0.0202,False
2026-06-23,2369,菱生,富邦總部,9600,6054,3736,0.617,44.55,2026-06-24,-0.0202,0.0236,-0.0281,False,凱基城中,6023.0,122.351,0.9948794185662372,0.020209943838784276,1,-0.0202,False
2026-06-23,6168,宏齊,凱基城中,9227,2998,13,0.004,34.2,2026-06-24,-0.0205,0.0716,0.0380,False,,3211.0,288.031,1.07104736490994,0.09607438292194796,1,-0.0205,False
2026-06-23,6525,捷敏-KY,富邦總部,9600,1176,324,0.276,170.5,2026-06-24,-0.0264,0.0176,-0.0264,False,,912.0,59.001,0.7755102040816326,0.05017091836734694,1,-0.0264,False
2026-06-23,6683,雍智科技,國票安和,779Z,223,8,0.034,1765.0,2026-06-24,-0.0085,0.0992,0.0992,False,,17.84,62.206,0.08,0.2789506726457399,,-0.0085,False
2026-06-23,6907,雅特力-KY,富邦總部,9600,298,2,0.007,160.0,2026-06-24,-0.0125,0.0938,-0.0281,False,,300.0,8.1,1.0067114093959733,0.027181208053691275,2,-0.0125,False
2026-06-23,7799,禾榮科,凱基城中,9227,257,4,0.016,424.5,2026-06-24,0.0130,0.0671,-0.0271,False,,256.642,11.421,0.9986070038910506,0.04443968871595331,1,0.013,False
2026-06-24,2312,金寶,富邦總部,9600,29823,21497,0.721,38.0,2026-06-25,0.0132,0.0145,-0.0421,False,,8590.649,267.36,0.2880544881467324,0.008964892867920732,1,0.0132,False
2026-06-24,5285,界霖,富邦總部,9600,2111,1574,0.746,110.0,2026-06-25,0.0455,0.0500,-0.0773,False,,543.1,4.0,0.25727143533870206,0.0018948365703458077,3,0.0455,False
2026-06-24,5464,霖宏,國票安和,779Z,311,0,0.000,98.0,2026-06-25,0.0969,0.0969,0.0969,False,富邦總部,0.0,0.0,0.0,0.0,,0.0969,False
2026-06-24,5464,霖宏,富邦總部,9600,208,0,0.000,98.0,2026-06-25,0.0969,0.0969,0.0969,False,國票安和,200.0,76.0,0.9615384615384616,0.36538461538461536,2,0.0969,False
2026-06-25,1718,中纖,凱基城中,9227,13371,2029,0.152,10.15,2026-06-26,0.0197,0.0985,0.0985,False,,11712.58,6903.983,0.8759688878917059,0.5163400643183008,1,0.0197,False
2026-06-25,2363,矽統,凱基城中,9227,1016,26,0.026,76.1,2026-06-26,-0.0276,-0.0250,-0.0986,False,富邦總部,1009.0,32.45,0.9931102362204725,0.03193897637795275,7,-0.0276,False
2026-06-25,2363,矽統,富邦總部,9600,6551,2168,0.331,76.1,2026-06-26,-0.0276,-0.0250,-0.0986,False,凱基城中,4517.28,2686.498,0.689555793008701,0.4100897572889635,3,-0.0276,False
2026-06-25,5328,華容,凱基城中,9227,4857,1290,0.266,63.9,2026-06-26,0.0094,0.0986,0.0986,False,,3702.0,1582.0,0.7621988882025942,0.32571546221947706,1,0.0094,False
2026-06-25,6584,南俊國際,富邦總部,9600,130,1,0.008,728.0,2026-06-26,0.0027,0.0275,-0.0275,False,,55.05,84.03,0.42346153846153844,0.6463846153846153,,0.0027,False
